published,search_term,category,title,summary,link,matched_words,activity_type,raw_text,entity_source_text,article_fetch_status,resolved_article_url,city_candidates,district_candidates,neighborhood_candidates,street_candidates,facility_candidates,company_candidates,company_candidate_scores,entity_quality_note,maps_queries,maps_candidates,maps_best_guess,maps_status,maps_match_scores,maps_rejected_candidates,record_quality_score,duplicate_group_id
2026-07-02 18:03:00,MASAK raporu,Kara Para / MASAK / Bahis,BOLU’DA MİLYONLUK SORUŞTURMA! MASAK RAPORUNDA ŞOK PARA TRAFİĞİ,BOLU’DA MİLYONLUK SORUŞTURMA! MASAK RAPORUNDA ŞOK PARA TRAFİĞİ Özgür Bolu,https://news.google.com/rss/articles/CBMinwFBVV95cUxNQXhOMW4xb1FHUHR2WUpmOXVDckh2VFN4blNhdnkweExoUVpEUzVpX0xFVURiUG5DSEdZb25aX1hKUzhaUmowU2Zkd2dwbGFKaUJhLUtWU3hzY2Jza2UtOHlDN3RwMk1ON2lYaEZGS0VzN21GVDVfRGFMXzNnMWNudlZrS1VMMmJ5UnB4d1F6YVMyM2V1OWRmdVB1Znhpdkk?oc=5,masak,,BOLU’DA MİLYONLUK SORUŞTURMA! MASAK RAPORUNDA ŞOK PARA TRAFİĞİ Özgür Bolu,BOLU’DA MİLYONLUK SORUŞTURMA! MASAK RAPORUNDA ŞOK PARA TRAFİĞİ BOLU’DA MİLYONLUK SORUŞTURMA! MASAK RAPORUNDA ŞOK PARA TRAFİĞİ Özgür Bolu BOLU’DA MİLYONLUK SORUŞTURMA! MASAK RAPORUNDA ŞOK PARA TRAFİĞİ Özgür Bolu,browser_failed,https://news.google.com/rss/articles/CBMinwFBVV95cUxNQXhOMW4xb1FHUHR2WUpmOXVDckh2VFN4blNhdnkweExoUVpEUzVpX0xFVURiUG5DSEdZb25aX1hKUzhaUmowU2Zkd2dwbGFKaUJhLUtWU3hzY2Jza2UtOHlDN3RwMk1ON2lYaEZGS0VzN21GVDVfRGFMXzNnMWNudlZrS1VMMmJ5UnB4d1F6YVMyM2V1OWRmdVB1Znhpdkk?oc=5&hl=tr&gl=TR&ceid=TR:tr,Bolu,,,,,,,ilçe yok | firma yok | faaliyet/tesis yok,,,,maps araması yapılmadı,,,67.98,1
2026-07-02 08:19:23,mal varlığına el konuldu,Diğer,Haydar Baş'a şok! Mal varlıklarına el konuldu,Haydar Baş'a şok! Mal varlıklarına el konuldu Haber61,https://news.google.com/rss/articles/CBMiigFBVV95cUxQcHBHYTVWMUtpZFVmV183UndremFXNHl6ajg2TFEwQUR2UnV4TWI4QUxubWlOeGtHT1ZRRjBYMEFjREUxbDZIVVBZMmFSTE40ZzNCRWQ1QUtIcGVGNmx6UXdpLVVWOEVpN01sem10TE9naDhrQjYzelU5alhpdVRCanlIWHZHbXRmSFHSAY8BQVVfeXFMUE5PQmpITTc1VTJjemZYNVZUMnBKdjNhcUFINW9QY3V3enlQRVRuT085blBnb3dONllGekVqY3pDQ3RhT2pDWmM3aEx0ejQyY0llNWdLNHI3eTItQ3pGRWxmbWVCdUx0cXBXdTgtWE95WEk1cUZ5VVB4YmZSNXdYY0tyUllEcm8xZGZmMnZxRVU?oc=5,el konuldu,,Haydar Baş'a şok! Mal varlıklarına el konuldu Haber61,Haydar Baş'a şok! Mal varlıklarına el konuldu Haydar Baş'a şok! Mal varlıklarına el konuldu Haber61 Mal varlıklarına el konuldu Haber61,browser_failed,https://news.google.com/rss/articles/CBMiigFBVV95cUxQcHBHYTVWMUtpZFVmV183UndremFXNHl6ajg2TFEwQUR2UnV4TWI4QUxubWlOeGtHT1ZRRjBYMEFjREUxbDZIVVBZMmFSTE40ZzNCRWQ1QUtIcGVGNmx6UXdpLVVWOEVpN01sem10TE9naDhrQjYzelU5alhpdVRCanlIWHZHbXRmSFHSAY8BQVVfeXFMUE5PQmpITTc1VTJjemZYNVZUMnBKdjNhcUFINW9QY3V3enlQRVRuT085blBnb3dONllGekVqY3pDQ3RhT2pDWmM3aEx0ejQyY0llNWdLNHI3eTItQ3pGRWxmbWVCdUx0cXBXdTgtWE95WEk1cUZ5VVB4YmZSNXdYY0tyUllEcm8xZGZmMnZxRVU?oc=5&hl=tr&gl=TR&ceid=TR:tr,,,,,,,,il yok | ilçe yok | firma yok | faaliyet/tesis yok,,,,maps araması yapılmadı,,,44.28,2
2026-07-02 14:28:00,tesis yangını,Fiziksel Risk / Yangın,Aydın sanayisinde korkutan yangın : İşçiler alevlere siper oldu,Aydın sanayisinde korkutan yangın : İşçiler alevlere siper oldu Aydın Ses Gazetesi,https://news.google.com/rss/articles/CBMilwFBVV95cUxNemJUek5kODhlUHU1b3FJdUt0MTZtUEFaSE1uRTlrUEtLd0NOVzZaV3diSUFyb3BTMndUT2FiYXpwN2gyU0NXb2hfSGdhR1pkNVFRWnNONEJvWU5iYU1LRkZCYWlMa3JXWGVVRDVGTEk1VHBxMVdzd3VJQTg2NlFZZ0V0MjlZWVRiekxTWUx5VGVpNjVZMWgw?oc=5,sanayi,,"Aydın’ın Efeler ilçesindeki ASTİS Sanayi Sitesi’nde otluk alanda çıkan yangın, rüzgarın etkisiyle kısa sürede büyüdü. Sanayi tesislerine doğru ilerleyen alevler, çevredeki firma çalışanlarının zamanında müdahalesi sayesinde tesislere ulaşmadan kontrol altına alındı. Aydın’ın Efeler ilçesindeki ASTİS Sanayi Sitesi’nde otluk alanda çıkan yangın, rüzgarın etkisiyle kısa sürede büyüdü. Sanayi tesislerine doğru ilerleyen alevler, çevredeki firma çalışanlarının zamanında müdahalesi sayesinde tesislere ulaşmadan kontrol altına alındı. Aydın’ın Efeler ilçesindeki ASTİS Sanayi Sitesi’nde otluk alanda çıkan yangın, rüzgarın etkisiyle kısa sürede büyüdü. Sanayi tesislerine doğru ilerleyen alevler, çevredeki firma çalışanlarının zamanında müdahalesi sayesinde tesislere ulaşmadan kontrol altına alındı. Aydın sanayisinde korkutan yangın : İşçiler alevlere siper oldu Aydın’ın Efeler ilçesindeki ASTİS Sanayi Sitesi’nde otluk alanda çıkan yangın, rüzgarın etkisiyle kısa sürede büyüdü. Sanayi tesislerine doğru ilerleyen alevler, çevredeki firma çalışanlarının zamanında müdahalesi sayesinde tesislere ulaşmadan kontrol altına alındı. 02.07.2026 - 17:28 Yayınlanma 2 Paylaşım 2 Dk Okunma Süresi Paylaş Linkedin Pinterest Telegram Yazdır Kopyala A - A + Paylaş Linkedin Pinterest Telegram Yazdır Kopyala A - A + Yangın, ASTİS Sanayi Sitesi’nde bulunan otluk alanda henüz bilinmeyen bir nedenle çıktı. Rüzgarın da etkisiyle hızla yayılan alevlerden yükselen yoğun dumanı gören vatandaşlar durumu 112 Acil Çağrı Merkezi’ne bildirdi. İhbar üzerine bölgeye Aydın Büyükşehir Belediyesi İtfaiye Daire Başkanlığı ekipleri ile polis sevk edildi. ÇALIŞANLAR CANLARINI HİÇE SAYDI İtfaiye ekipleri olay yerine ulaşmadan önce sanayi sitesinde faaliyet gösteren firmaların çalışanları yangına kendi imkanlarıyla müdahale etti. Özellikle Canatan Beton Firması, beton mikserlerini yangın bölgesine yönlendirirken, çalışanlar da hortumlarla alevlere su tutarak yangının büyümesini engellemeye çalıştı. Çalışanlar, canlarını hiçe sayarak yürüttükleri mücadeleyle alevlerin önünü kesti. TÜP TESİSİ VE İŞLETMELER SON ANDA KURTULDU Firma çalışanları ile çevredeki vatandaşların koordineli müdahalesi sayesinde yangının ilerleyişi durduruldu. Alevlerin, yangın bölgesine yakın bulunan tüp tesisi ile diğer sanayi işletmelerine ulaşması son anda önlenirken, olası büyük bir facianın da önüne geçildi. Olay yerine gelen Aydın Büyükşehir Belediyesi itfaiye ekipleri, yangına müdahale ederek alevleri tamamen kontrol altına aldı. Soğutma çalışmalarının ardından bölgede güvenlik önlemleri alınırken, yangının çıkış nedeniyle ilgili inceleme başlatıldı. Kuşadası'nda ölümle biten olayda yeni gelişme İçeriği Görüntüle VATANDAŞLARDAN TEŞEKKÜR Yangının büyümesini önlemek için büyük özveri gösteren Canatan Beton Firması çalışanları, diğer işletmelerin personeli, vatandaşlar ve Aydın Büyükşehir Belediyesi itfaiye ekipleri, sanayi sitesi esnafı tarafından fedakarlıkları nedeniyle takdir edildi. Olayla ilgili soruşturma sürüyor. Muhabir: EMRAH DİNÇER Editörün Seçtiği Tapuda yeni dönem başlıyor: Her şey sil baştan Editörün Seçtiği Aydın kavruluyor! Termometreler 45 dereceyi gördü Editörün Seçtiği 28.06.2026 tarihli Aydın'da elektrik kesintisi: 6 ilçe dikkat Bunlar da ilgin","Aydın sanayisinde korkutan yangın : İşçiler alevlere siper oldu Aydın sanayisinde korkutan yangın : İşçiler alevlere siper oldu Aydın Ses Gazetesi Aydın’ın Efeler ilçesindeki ASTİS Sanayi Sitesi’nde otluk alanda çıkan yangın, rüzgarın etkisiyle kısa sürede büyüdü. Sanayi tesislerine doğru ilerleyen alevler, çevredeki firma çalışanlarının zamanında müdahalesi sayesinde tesislere ulaşmadan kontrol altına alındı. Aydın sanayisinde korkutan yangın : İşçiler alevlere siper oldu Aydın’ın Efeler ilçesindeki ASTİS Sanayi Sitesi’nde otluk alanda çıkan yangın, rüzgarın etkisiyle kısa sürede büyüdü. 02.07.2026 - 17:28 Yayınlanma 2 Payla",browser_full_article,https://www.sesgazetesi.com.tr/aydin-sanayisinde-korkutan-yangin-isciler-alevlere-siper-oldu,Aydın,,,,,,,ilçe yok | firma yok | faaliyet/tesis yok,,,,maps araması yapılmadı,,,93.0,3
2026-07-02 10:31:47,fabrika yangını,Fiziksel Risk / Yangın,Trabzon'da fabrika yangını!,Trabzon'da fabrika yangını! Haber61,https://news.google.com/rss/articles/CBMickFVX3lxTE5BOXhrOHJTTUVSRmlTa1A1UkNobm1SSktDR3JGS3JwYTFvRVRxWTc5TFJiODhEbG1IMkhZeTY0bXpfSzdHcmROLVBZdlgyZDQ2MldENDZlX1NzXzNCMWliUFgwMGtsWkZyMV8zR2hEajFoQdIBd0FVX3lxTE52UGdYT2JQOGphejNza3V3TGRDMkowTzRwdUpRdVVyeXBXSW5MNXowVVZhSUdPTEl4Vm9FSTI4NE8zOVpreW94NHFuUzNHQlRUaW5jaDRuS082WXlYTUxVQm1Dd3N2dzBybVNtRHhwcEtIWlJzWURv?oc=5,fabrika,fabrika,Trabzon'da fabrika yangını! Haber61,Trabzon'da fabrika yangını! Trabzon'da fabrika yangını! Haber61 Trabzon'da fabrika yangını!,browser_failed,https://news.google.com/rss/articles/CBMickFVX3lxTE5BOXhrOHJTTUVSRmlTa1A1UkNobm1SSktDR3JGS3JwYTFvRVRxWTc5TFJiODhEbG1IMkhZeTY0bXpfSzdHcmROLVBZdlgyZDQ2MldENDZlX1NzXzNCMWliUFgwMGtsWkZyMV8zR2hEajFoQdIBd0FVX3lxTE52UGdYT2JQOGphejNza3V3TGRDMkowTzRwdUpRdVVyeXBXSW5MNXowVVZhSUdPTEl4Vm9FSTI4NE8zOVpreW94NHFuUzNHQlRUaW5jaDRuS082WXlYTUxVQm1Dd3N2dzBybVNtRHhwcEtIWlJzWURv?oc=5&hl=tr&gl=TR&ceid=TR:tr,Trabzon,,,,,,,ilçe yok | firma yok | faaliyet/tesis yok,,,,maps araması yapılmadı,,,40.6,4
2026-07-02 09:35:00,tesis yangını,Fiziksel Risk / Yangın,Tosya'da tesiste korkutan yangın!,Tosya'da tesiste korkutan yangın! Kastamonu Güncel,https://news.google.com/rss/articles/CBMihAFBVV95cUxPX0hxN1FRYl9KS0s0SEJOZmZ3U1pSXzRrak1RZm1wNTVQekVJekhwbmU1aUxmTDF1cVFKV0pucXJTRmd3aFlMZHBqZVdETjdIQVA3Smt0NndqUFowQ0FkOW9raDVIUTRIZXFhVklTbU1BOUJiMk5IcHMzaTk1amFsVy11TFrSAYoBQVVfeXFMTy1EVm85Q29WZDFZZmJPWXpldEZSR0Fyd3dXd3RlMEozZ3BLUHVQTmxxdU5oSzltTmp3RXp5a2VvZ2JPSC10Q1NyZnNMMmsxWW1OWTRWUzctaDQzbnVEOEtSNlgwOG0tSVg5bkJWckZxRFpxNFZnUjc4YVRXTGU4dU11c2NUczlsRnlR?oc=5,tesis,,"Tosya’da elektrik kontağından çıktığı değerlendirilen yangın, kısa sürede tüm tesisi sardı. Ormanlık alana yakın noktadaki yangına, ekipler müdahale etti. Tosya’da elektrik kontağından çıktığı değerlendirilen yangın, kısa sürede tüm tesisi sardı. Ormanlık alana yakın noktadaki yangına, ekipler müdahale etti. Tosya’da elektrik kontağından çıktığı değerlendirilen yangın, kısa sürede tüm tesisi sardı. Ormanlık alana yakın noktadaki yangına, ekipler müdahale etti. Kastamonu’nun Tosya ilçesinde bulunan Çiçekpark Tesislerinde çıkan yangın, ormana sıçrama riski nedeniyle korku dolu anlar yaşattı. İtfaiye ve Orman İşletme Müdürlüğü ekiplerinin zamanında müdahalesi olası bir faciayı önledi. Edinilen bilgiye göre olay, Tosya’ya bağlı Kösen köyünde meydana geldi. Kafe, restoran ve aile çay bahçesi olarak işletilen Çiçekpark Tesislerinde elektrik kontağı kaynaklı çıktığı tahmin edilen yangın kısa sürede büyüdü. Alevleri fark eden vatandaşların ihbarı üzerine bölgeye itfaiye ekipleri ile Orman İşletme Müdürlüğü ekipleri sevk edildi. Ekiplerin müdahalesiyle yangın, çevredeki ormanlık alana sıçramadan kontrol altına alınarak söndürüldü. Yangında restoran, kafe, kamelyalar ve mutfak bölümü büyük zarar görerek kullanılamaz hale geldi. Yangınla ilgili inceleme başlatıldı. Tosya'da tesiste korkutan yangın! Tosya’da elektrik kontağından çıktığı değerlendirilen yangın, kısa sürede tüm tesisi sardı. Ormanlık alana yakın noktadaki yangına, ekipler müdahale etti. Kastamonu’nun Tosya ilçesinde bulunan Çiçekpark Tesislerinde çıkan yangın, ormana sıçrama riski nedeniyle korku dolu anlar yaşattı. İtfaiye ve Orman İşletme Müdürlüğü ekiplerinin zamanında müdahalesi olası bir faciayı önledi. Edinilen bilgiye göre olay, Tosya’ya bağlı Kösen köyünde meydana geldi. Kafe, restoran ve aile çay bahçesi olarak işletilen Çiçekpark Tesislerinde elektrik kontağı kaynaklı çıktığı tahmin edilen yangın kısa sürede büyüdü. Alevleri fark eden vatandaşların ihbarı üzerine bölgeye itfaiye ekipleri ile Orman İşletme Müdürlüğü ekipleri sevk edildi. Ekiplerin müdahalesiyle yangın, çevredeki ormanlık alana sıçramadan kontrol altına alınarak söndürüldü. Yangında restoran, kafe, kamelyalar ve mutfak bölümü büyük zarar görerek kullanılamaz hale geldi. Yangınla ilgili inceleme başlatıldı. 02 Tem 2026 - 12:35 İHA Kastamonu - Asayiş Yazdır Mahreç İhlas Haber Ajansı Yorum yazarak Kastamonu Güncel Topluluk Kuralları’nı kabul etmiş bulunuyor ve yorumunuzla ilgili doğrudan veya dolaylı tüm sorumluluğu tek başınıza üstleniyorsunuz. Yazılan yorumlar","Tosya'da tesiste korkutan yangın! Tosya'da tesiste korkutan yangın! Kastamonu Güncel Tosya’da elektrik kontağından çıktığı değerlendirilen yangın, kısa sürede tüm tesisi sardı. Ormanlık alana yakın noktadaki yangına, ekipler müdahale etti. Kastamonu’nun Tosya ilçesinde bulunan Çiçekpark Tesislerinde çıkan yangın, ormana sıçrama riski nedeniyle korku dolu anlar yaşattı. İtfaiye ve Orman İşletme Müdürlüğü ekiplerinin zamanında müdahalesi olası bir faciayı önledi. Edinilen bilgiye göre olay, Tosya’ya bağlı Kösen köyünde meydana geldi. Kafe, restoran ve aile çay bahçesi olarak işletilen Çiçekpark Tesislerinde elektrik kontağı kaynaklı çıktığı tahmin edilen yangın kısa sürede büyüdü. Alevleri fark eden vatandaşların ihbarı üzerine bölgeye itfaiye ekipleri ile Orman İşletme Müdürlüğü ekipleri sevk edildi. Ekiplerin müdahalesiyle yangın, çevredeki ormanlık alana sıçramadan kontrol altına alınarak söndürüldü. Yangında restoran, kafe, kamelyalar ve mutfak bölümü büyük zarar görerek kullanılamaz hale geldi. Yangınla ilgili inceleme başlatıldı. Tosya'da tesiste korkutan yangın! 02 Tem 2026 - 12:35 İHA Kastamonu - Asayiş Yazdır Mahreç İhlas Haber Ajansı Yorum yazarak Kastamonu Güncel Topluluk Kuralları’nı kabul etmiş bulunuyor ve yorumunuzla ilgili doğrudan veya dolaylı tüm sorumluluğu tek başınıza üstleniyorsunuz.",browser_full_article,https://www.kastamonuguncel.com/haber/28271321/tosyada-tesiste-korkutan-yangin,Kastamonu,Tosya,,,kısa sürede tüm tesisi,,,firma yok,kısa sürede tüm tesisi Tosya Kastamonu Türkiye,Tosya Sümela park | Tosya Onur Park Plus BAŞKA ŞUBEMİZ YOKTUR | Huzur Dinlenme Tesisleri | Dörtyol Dinlenme Tesisi | BEYPARK DİNLENME TESİSLERİ,Tosya Sümela park,"firma adı yok, tesis/lokasyon ile maps tahmini var",41.02564102564103 | 37.5 | 47.82608695652174 | 53.333333333333336 | 40.0,,146.0,5
2026-07-02 10:30:22,fabrika yangını,Fiziksel Risk / Yangın,Kocaeli'de palet fabrikasında çıkan yangın söndürüldü,Kocaeli'de palet fabrikasında çıkan yangın söndürüldü Habername.com,https://news.google.com/rss/articles/CBMimwFBVV95cUxPSndIR1g1X3d3ZWVDbWNUMFc1Zl9rMlN0Y1c2Q0ZaUG5KbXFsM0ZTbVBIT3d3bnJhU0NUU2dHU2MteXBVdnZCQ1BDeW5iMVJoNzVCcHkxdE9ldDJyWmxMTm5uWFVpY1prRzVMYUo4RkZ3bmtDYWVCTjJ0S3N2TDNPcXBhMjlhaWlsd1dZTzY5NkFqazViSXRkeFRJd9IBqwFBVV95cUxQWFByc1lxYTBjY1hiVW9ZdEdZMENPekZMRjNUYUZ4VEwtVXJfTmdxMlE4VnNuaUhPOWRfMDI1b0VrTWVwSG9FakRqcHBUQlU5WGxJdnR2RFVTQTNIUDFoakdhZGRILWpfR2lSU25uYkU2OFFySGdFbmVCRUJOS0szazFtX1JxcXdWWWNURTJidkU5UV81X1luOW11U21OR1NNSzR4dmpYWnoxZFE?oc=5,fabrika,fabrika,"Kocaeli'nin Gebze ilçesinde palet fabrikasında çıkan yangın, itfaiye ekiplerinin müdahalesiyle söndürüldü. Kocaeli'nin Gebze ilçesinde palet fabrikasında çıkan yangın, itfaiye ekiplerinin müdahalesiyle söndürüldü. Kocaeli'nin Gebze ilçesinde palet fabrikasında çıkan yangın, itfaiye ekiplerinin müdahalesiyle söndürüldü. Kocaeli'de palet fabrikasında çıkan yangın söndürüldü Kocaeli'nin Gebze ilçesinde palet fabrikasında çıkan yangın, itfaiye ekiplerinin müdahalesiyle söndürüldü. KOCAELİ (AA) - Kocaeli'nin Gebze ilçesinde palet fabrikasında çıkan yangın, itfaiye ekiplerinin müdahalesiyle söndürüldü. Tavşanlı Mahallesi Atatürk Caddesi'ndeki palet fabrikasında sabah saatlerinde henüz bilinmeyen nedenle yangın çıktı. Alevlerin büyümesiyle yangını fark eden çevredekiler, durumu yetkililere bildirdi. İhbar üzerine bölgeye itfaiye ve jandarma ekipleri sevk edildi. Ekiplerin yaklaşık 2 saatlik çalışması sonucu söndürülen yangın, fabrikada hasara yol açtı. Kaynak: Et","Kocaeli'de palet fabrikasında çıkan yangın söndürüldü Kocaeli'de palet fabrikasında çıkan yangın söndürüldü Habername.com Kocaeli'nin Gebze ilçesinde palet fabrikasında çıkan yangın, itfaiye ekiplerinin müdahalesiyle söndürüldü. Kocaeli'de palet fabrikasında çıkan yangın söndürüldü Kocaeli'nin Gebze ilçesinde palet fabrikasında çıkan yangın, itfaiye ekiplerinin müdahalesiyle söndürüldü. KOCAELİ (AA) - Kocaeli'nin Gebze ilçesinde palet fabrikasında çıkan yangın, itfaiye ekiplerinin müdahalesiyle söndürüldü. Tavşanlı Mahallesi Atatürk Caddesi'ndeki palet fabrikasında sabah saatlerinde henüz bilinmeyen nedenle yangın çıktı. Alevlerin büyümesiyle yangını fark eden çevredekiler, durumu yetkililere bildirdi. İhbar üzerine bölgeye itfaiye ve jandarma ekipleri sevk edildi. Ekiplerin yaklaşık 2 saatlik çalışması sonucu söndürülen yangın, fabrikada hasara yol açtı.",browser_full_article,https://www.habername.com/haber-kocaelide-palet-fabrikasinda-cikan-yangin-sonduruldu-284386.htm,Kocaeli | Kütahya,Gebze | Tavşanlı,Tavşanlı Mahallesi,Tavşanlı Mahallesi Atatürk Caddesi,,,,firma yok | faaliyet/tesis yok,,,,maps araması yapılmadı,,,122.95,6
2026-07-02 12:30:00,fabrika yangını,Fiziksel Risk / Yangın,Fabrika Yangını Paniğe Yol Açtı!,Fabrika Yangını Paniğe Yol Açtı! Kırşehir Çiğdem,https://news.google.com/rss/articles/CBMib0FVX3lxTE9rNDh3c1FBS3BEanl3MFBEdWs4aEg2QlhTMTBFaVc1Nl9aaV90aHZkdUZWdzUtS2JpdGNTYWZ0M3Z1RTd3SXpvb1Z4VTNfbDBHTXVZZ2wtSWQ3T0hkbnBLMG9oWDJrM2g0NFhibnZKZ9IBdEFVX3lxTE1nSF80a0YxaXpVeWxRVV9abDdwYjdXWGVoUjNXR09NUGtrR0V4ZlF6aVJfNUM3MllDQTU0a1lUVDU1aXBHbHl3bWVLVVY4R2M4MjluNm50RFh3c1YwRnhUcjlGeFhMWXc0eElpc2pDOWVPVW9z?oc=5,fabrika,fabrika,Fabrika Yangını Paniğe Yol Açtı! Kırşehir Çiğdem,Fabrika Yangını Paniğe Yol Açtı! Fabrika Yangını Paniğe Yol Açtı! Kırşehir Çiğdem Fabrika Yangını Paniğe Yol Açtı!,browser_failed,https://news.google.com/rss/articles/CBMib0FVX3lxTE9rNDh3c1FBS3BEanl3MFBEdWs4aEg2QlhTMTBFaVc1Nl9aaV90aHZkdUZWdzUtS2JpdGNTYWZ0M3Z1RTd3SXpvb1Z4VTNfbDBHTXVZZ2wtSWQ3T0hkbnBLMG9oWDJrM2g0NFhibnZKZ9IBdEFVX3lxTE1nSF80a0YxaXpVeWxRVV9abDdwYjdXWGVoUjNXR09NUGtrR0V4ZlF6aVJfNUM3MllDQTU0a1lUVDU1aXBHbHl3bWVLVVY4R2M4MjluNm50RFh3c1YwRnhUcjlGeFhMWXc0eElpc2pDOWVPVW9z?oc=5&hl=tr&gl=TR&ceid=TR:tr,,,,,,,,il yok | ilçe yok | firma yok | faaliyet/tesis yok,,,,maps araması yapılmadı,,,36.48,7
2026-07-03 02:42:34,para aklama,Kara Para / MASAK / Bahis,"Finans, kara para aklama ile mücadele ve küçük ve orta ölçekli işletmelere destek konularındaki hükümleri değiştiren ve tamamlayan yasa taslağı hakkında geri bildirim istenmektedir.","Finans, kara para aklama ile mücadele ve küçük ve orta ölçekli işletmelere destek konularındaki hükümleri değiştiren ve tamamlayan yasa taslağı hakkında geri bildirim istenmektedir. Vietnam.vn",https://news.google.com/rss/articles/CBMizwFBVV95cUxPcDFCRjdJQVFHN1lxYVBaZndQd2t2Y3ZzYXJfVGttZTJpN01Selh5SFdyaFhJRjF2aDJmMUdINTdYUVdNZnRzZlRwYXJKMHhZYzN5ZjlmLTRSZVp3SWxibkNVaV83MFEyM01rR1ZjaUZkX1VmVXlyTjFZVzZTNURDbG5rblloRk8wWE01Slk3V2pGcnN2TThJWXAyUkhFV3JWcGZ0cjYwaUp5WmtFLVAxc3E3NmhSSGtYMWZzZmFaRUdXVVVzM1Z4aUt4XzF4bE0?oc=5,işletme,,"Finans, kara para aklama ile mücadele ve küçük ve orta ölçekli işletmelere destek konularındaki hükümleri değiştiren ve tamamlayan yasa taslağı hakkında geri bildirim istenmektedir. Vietnam.vn","Finans, kara para aklama ile mücadele ve küçük ve orta ölçekli işletmelere destek konularındaki hükümleri değiştiren ve tamamlayan yasa taslağı hakkında geri bildirim istenmektedir. Finans, kara para aklama ile mücadele ve küçük ve orta ölçekli işletmelere destek konularındaki hükümleri değiştiren ve tamamlayan yasa taslağı hakkında geri bildirim istenmektedir. Vietnam.vn Finans, kara para aklama ile mücadele ve küçük ve orta ölçekli işletmelere destek konularındaki hükümleri değiştiren ve tamamlayan yasa taslağı hakkında geri bildirim istenmektedir.",browser_failed,https://news.google.com/rss/articles/CBMizwFBVV95cUxPcDFCRjdJQVFHN1lxYVBaZndQd2t2Y3ZzYXJfVGttZTJpN01Selh5SFdyaFhJRjF2aDJmMUdINTdYUVdNZnRzZlRwYXJKMHhZYzN5ZjlmLTRSZVp3SWxibkNVaV83MFEyM01rR1ZjaUZkX1VmVXlyTjFZVzZTNURDbG5rblloRk8wWE01Slk3V2pGcnN2TThJWXAyUkhFV3JWcGZ0cjYwaUp5WmtFLVAxc3E3NmhSSGtYMWZzZmFaRUdXVVVzM1Z4aUt4XzF4bE0?oc=5&hl=tr&gl=TR&ceid=TR:tr,,,,,,,,il yok | ilçe yok | firma yok | faaliyet/tesis yok,,,,maps araması yapılmadı,,,164.42,8
2026-07-03 06:44:43,MASAK,Kara Para / MASAK / Bahis,İTO Başkanı Şekib Avdagiç'ten Masak'a çağrı: 'Limitleri güncelleyip dijital kayıtları yaygınlaştıralım',İTO Başkanı Şekib Avdagiç'ten Masak'a çağrı: 'Limitleri güncelleyip dijital kayıtları yaygınlaştıralım' İstanbul Ticaret Gazetesi,https://news.google.com/rss/articles/CBMizwFBVV95cUxObUFCOWZSN1pNQ2kxenQ5RkNzbTJzQ1h6Nk1qdUdaeVVhSG50RUI3elVBMEc5ODlpcjZUcy1fOF90QXE2UFRQUE02U3AwbS04cm9LNFk3ZHZSb2hnLVdxRjduOGtJOUg4RjdVRlVpbXpGTnZSQ2Fqb0FBaml1MVdYTXB2WDl4WjMxRnNQVFIxNWNIMlZYQ0huV1BKR2w1ckZGWXJtdGhHQmJoeVRjZ19qcjlGU2lRMVBLaHJvbk4zOURfQUlxWURvRkhnRzAzZTQ?oc=5,"masak, ticaret",,İTO Başkanı Şekib Avdagiç'ten Masak'a çağrı: 'Limitleri güncelleyip dijital kayıtları yaygınlaştıralım' İstanbul Ticaret Gazetesi,İTO Başkanı Şekib Avdagiç'ten Masak'a çağrı: 'Limitleri güncelleyip dijital kayıtları yaygınlaştıralım' İTO Başkanı Şekib Avdagiç'ten Masak'a çağrı: 'Limitleri güncelleyip dijital kayıtları yaygınlaştıralım' İstanbul Ticaret Gazetesi İTO Başkanı Şekib Avdagiç'ten Masak'a çağrı: 'Limitleri güncelleyip dijital kayıtları yaygınlaştıralım' İstanbul Ticaret Gazetesi,browser_failed,https://news.google.com/rss/articles/CBMizwFBVV95cUxObUFCOWZSN1pNQ2kxenQ5RkNzbTJzQ1h6Nk1qdUdaeVVhSG50RUI3elVBMEc5ODlpcjZUcy1fOF90QXE2UFRQUE02U3AwbS04cm9LNFk3ZHZSb2hnLVdxRjduOGtJOUg4RjdVRlVpbXpGTnZSQ2Fqb0FBaml1MVdYTXB2WDl4WjMxRnNQVFIxNWNIMlZYQ0huV1BKR2w1ckZGWXJtdGhHQmJoeVRjZ19qcjlGU2lRMVBLaHJvbk4zOURfQUlxWURvRkhnRzAzZTQ?oc=5&hl=tr&gl=TR&ceid=TR:tr,,,,,,İstanbul Ticaret,İstanbul Ticaret:161:body+summary,il yok | ilçe yok | faaliyet/tesis yok,İstanbul Ticaret Türkiye,İstanbul Ticaret Üniversitesi | İstanbul Ticaret Merkezi | İstanbul Ticaret İş Güvenliği ve Endüstriyel Ürünler San. A.Ş | İstanbul Ticaret İl Müdürlüğü | İstanbul Ticaret Üniversitesi Küçükyalı Kampüsü,İstanbul Ticaret Üniversitesi,firma adı + güvenli maps adayı var,100.0 | 100.0 | 100.0 | 100.0 | 100.0,,207.04,9
2026-07-02 09:35:00,kara para,Kara Para / MASAK / Bahis,Banka Hesaplarından 5.3 Milyar Aktı: Antalya ve 22 İlde Kara Para Aklayanlara Baskın Serisi,Banka Hesaplarından 5.3 Milyar Aktı: Antalya ve 22 İlde Kara Para Aklayanlara Baskın Serisi Akdeniz Gerçek,https://news.google.com/rss/articles/CBMi2wFBVV95cUxObVROMnZMTk44WnV4WWtzN3ZIejlTeERZc2xNSWFUX2twRTN1VmQ1SmY2NUdxc3FfS3p3RW82MTNQUTQ5WHVQN3Y1dEE4TVQ0dDFWZTloTk1yemE2a1BEZnFDZUVQbW1vYXh5WUZ1SUZ0UG5peW91RTFYZUk2UnNVSE9aQ2I3NWpFNkNBd1FQVzhlTHl3dlJ0T1dxYUsyTDYwQ1JMWFlCN19ULXlYdVh4Um5YRDB1aGhtUGUxMHFEV3ZLdFc4ZnF4ZTRLeVU3X1FqY0hQR2pZNlBEZm8?oc=5,banka,finansal kuruluş,Banka Hesaplarından 5.3 Milyar Aktı: Antalya ve 22 İlde Kara Para Aklayanlara Baskın Serisi Akdeniz Gerçek,Banka Hesaplarından 5.3 Milyar Aktı: Antalya ve 22 İlde Kara Para Aklayanlara Baskın Serisi Banka Hesaplarından 5.3 Milyar Aktı: Antalya ve 22 İlde Kara Para Aklayanlara Baskın Serisi Akdeniz Gerçek Banka Hesaplarından 5.3 Milyar Aktı: Antalya ve 22 İlde Kara Para Aklayanlara Baskın Serisi Akdeniz Gerçek,browser_failed,https://news.google.com/rss/articles/CBMi2wFBVV95cUxObVROMnZMTk44WnV4WWtzN3ZIejlTeERZc2xNSWFUX2twRTN1VmQ1SmY2NUdxc3FfS3p3RW82MTNQUTQ5WHVQN3Y1dEE4TVQ0dDFWZTloTk1yemE2a1BEZnFDZUVQbW1vYXh5WUZ1SUZ0UG5peW91RTFYZUk2UnNVSE9aQ2I3NWpFNkNBd1FQVzhlTHl3dlJ0T1dxYUsyTDYwQ1JMWFlCN19ULXlYdVh4Um5YRDB1aGhtUGUxMHFEV3ZLdFc4ZnF4ZTRLeVU3X1FqY0hQR2pZNlBEZm8?oc=5&hl=tr&gl=TR&ceid=TR:tr,,,,,,,,il yok | ilçe yok | firma yok | faaliyet/tesis yok,,,,maps araması yapılmadı,,,79.06,10
2026-07-02 14:01:47,depo yangını,Fiziksel Risk / Yangın,Antalya Alanya'da 5 Yıldızlı Otelin Geri Dönüşüm Deposunda Yangın Çıktı,Antalya Alanya'da 5 Yıldızlı Otelin Geri Dönüşüm Deposunda Yangın Çıktı Mersin Haber,https://news.google.com/rss/articles/CBMiV0FVX3lxTE5fZHhiQkJkd1pBSk1QYWRlUnpzQUZjbzRDNll6VVlmT1lnOF9tbHMzOHpSS0JhVFk4NVdDbHlxMEU1TWFSZ05fc2gxOWFkZG5aUFlPUVVxa9IBV0FVX3lxTE5fZHhiQkJkd1pBSk1QYWRlUnpzQUZjbzRDNll6VVlmT1lnOF9tbHMzOHpSS0JhVFk4NVdDbHlxMEU1TWFSZ05fc2gxOWFkZG5aUFlPUVVxaw?oc=5,depo,depo,"Antalya Alanya'da 5 Yıldızlı Otelin Geri Dönüşüm Deposunda Yangın Çıktı Antalya'nın Alanya ilçesinde bir otelin geri dönüşüm deposunda meydana gelen yangın, itfaiye ekipleri tarafından kısa sürede kontrol altına alındı. 02 Temmuz 2026 @mersinhaber 'i takip et Yangın, saat 15.30 sularında Avsallar Mahallesi İncekum Caddesi üzerinde bulunan 5 yıldızlı bir otelin geri dönüşüm deposunda başladı. Edinilen bilgilere göre, otelin yakınındaki geri dönüşüm alanından yükselen duman ve alevleri gören çevredeki vatandaşlar, durumu hemen 112 Acil Çağrı Merkezi’ne bildirdi. İhbarın ardından Antalya Büyükşehir Belediyesi’ne bağlı Alanya İtfaiye Müdürlüğü ekipleri ve sağlık ekipleri, hızlı bir şekilde olay yerine intikal etti. Kısa sürede olay yerine ulaşan itfaiye ekipleri, alevlere müdahale ederek yangını kontrol altına aldı ve tamamen söndürdü. Ardından, soğutma çalışmaları gerçekleştirmek üzere alanda kalan ekipler, olası bir yeniden alevlenme durumuna karşı dikkatli davrandı. Yangının çıkış sebebi ile ilgili olarak yetkililer inceleme başlattı. Yangının nedeni ve maddi hasar hakkında detaylı bilgi edinilmesi bekleniyor. Yangın, saat 15.30 sularında Avsallar Mahallesi İncekum Caddesi üzerinde bulunan 5 yıldızlı bir otelin geri dönüşüm deposunda başladı. Edinilen bilgilere göre, otelin yakınındaki geri dönüşüm alanından yükselen duman ve alevleri gören çevredeki vatandaşlar, durumu hemen 112 Acil Çağrı Merkezi’ne bildirdi. İhbarın ardından Antalya Büyükşehir Belediyesi’ne bağlı Alanya İtfaiye Müdürlüğü ekipleri ve sağlık ekipleri, hızlı bir şekilde olay yerine intikal etti. Kısa sürede olay yerine ulaşan itfaiye ekipleri, alevlere müdahale ederek yangını kontrol altına aldı ve tamamen söndürdü. Ardından, soğutma çalışmaları gerçekleştirmek üzere alanda kalan ekipler, olası bir yeniden alevlenme durumuna karşı dikkatli davrandı. Yangının çıkış sebebi ile ilgili olarak yetkililer inceleme başlattı. Yangının nedeni ve maddi hasar hakkında detaylı bilgi edinilmesi bekleniyor. 02 Temmuz 2026 @mersinhaber 'i takip et Yangın, saat 15.30 sularında Avsallar Mahallesi İncekum Caddesi üzerinde bulunan 5 yıldızlı bir otelin geri dönüşüm deposunda başladı. Edinilen bilgilere göre, otelin yakınındaki geri dönüşüm alanından yükselen duman ve alevleri gören çevredeki vatandaşlar, durumu hemen 112 Acil Çağrı Merkezi’ne bildirdi. İhbarın ardından Antalya Büyükşehir Belediyesi’ne bağlı Alanya İtfaiye Müdürlüğü ekipleri ve sağlık ekipleri, hızlı bir şekilde olay yerine intikal etti. Kısa sürede olay yerine ulaşan itfaiye ekipleri, alevlere müdahale ederek yangını kontrol altına aldı ve tamamen söndürdü. Ardından, soğutma çalışmaları gerçekleştirmek üzere alanda kalan ekipler, olası bir yeniden alevlenme durumuna karşı dikkatli davrandı. Yangının çıkış sebebi ile ilgili olarak yetkililer inceleme başlattı. Yangının nedeni ve maddi hasar hakkında detaylı bilgi edinilmesi bekleniyor. Antalya Alanya'da 5 Yıldızlı Otelin Geri Dönüşüm Deposunda Yangın Çıktı Antalya'nın Alanya ilçesinde bir otelin geri dönüşüm deposunda meydana gelen yangın, itfaiye ekipleri tarafından kısa sürede kontrol altına alındı. Yangın, saat 15.30 sularında Avsallar Mahallesi İncekum Caddesi üzerinde bulunan 5 yıldızlı bir otelin geri dönüşüm deposunda başladı. Edinilen bilgilere göre, otelin yakınındaki geri dönüşüm alanından yükselen duman ve alevleri gören çevredeki vatandaşlar, durumu hemen 112 Acil Çağrı Merkezi’ne bildirdi. İhbarın ardından Antalya Büyükşehir Belediyesi’ne bağlı Alanya İtfaiye Müdürlüğü ekipleri ve sağlık ekipleri, hızlı bir şekilde olay yerine intikal etti. Kısa sürede olay yerine ulaşan itfaiye ekipleri, alevlere müdahale ederek yangını kontrol altına aldı ve tamamen söndürdü. Ardından, soğutma çalışmaları gerçekleştirmek üzere alanda kalan ekipler, olası bir yeniden alevlenme durumuna karşı dikkatli davrandı. Yangının çıkış sebebi ile ilgili olarak yetkililer inceleme başlattı. Yangının nedeni ve maddi hasar hakkında detaylı bilgi edinilmesi bekleniyor.","Antalya Alanya'da 5 Yıldızlı Otelin Geri Dönüşüm Deposunda Yangın Çıktı Antalya Alanya'da 5 Yıldızlı Otelin Geri Dönüşüm Deposunda Yangın Çıktı Mersin Haber Antalya Alanya'da 5 Yıldızlı Otelin Geri Dönüşüm Deposunda Yangın Çıktı Antalya'nın Alanya ilçesinde bir otelin geri dönüşüm deposunda meydana gelen yangın, itfaiye ekipleri tarafından kısa sürede kontrol altına alındı. 02 Temmuz 2026 @mersinhaber 'i takip et Yangın, saat 15.30 sularında Avsallar Mahallesi İncekum Caddesi üzerinde bulunan 5 yıldızlı bir otelin geri dönüşüm deposunda başladı. Edinilen bilgilere göre, otelin yakınındaki geri dönüşüm alanından yükselen duman ve alevleri gören çevredeki vatandaşlar, durumu hemen 112 Acil Çağrı Merkezi’ne bildirdi. İhbarın ardından Antalya Büyükşehir Belediyesi’ne bağlı Alanya İtfaiye Müdürlüğü ekipleri ve sağlık ekipleri, hızlı bir şekilde olay yerine intikal etti. Kısa sürede olay yerine ulaşan itfaiye ekipleri, alevlere müdahale ederek yangını kontrol altına aldı ve tamamen söndürdü. Ardından, soğutma çalışmaları gerçekleştirmek üzere alanda kalan ekipler, olası bir yeniden alevlenme durumuna karşı dikkatli davrandı. Yangının çıkış sebebi ile ilgili olarak yetkililer inceleme başlattı. Yangının nedeni ve maddi hasar hakkında detaylı bilgi edinilmesi bekleniyor. Yangın, saat 15.30 sularında Avsallar Mahallesi İncekum Caddesi üzerinde bulunan 5 yıldızlı bir otelin geri dönüşüm deposunda başladı.",browser_full_article_dom,https://news.google.com/rss/articles/CBMiV0FVX3lxTE5fZHhiQkJkd1pBSk1QYWRlUnpzQUZjbzRDNll6VVlmT1lnOF9tbHMzOHpSS0JhVFk4NVdDbHlxMEU1TWFSZ05fc2gxOWFkZG5aUFlPUVVxa9IBV0FVX3lxTE5fZHhiQkJkd1pBSk1QYWRlUnpzQUZjbzRDNll6VVlmT1lnOF9tbHMzOHpSS0JhVFk4NVdDbHlxMEU1TWFSZ05fc2gxOWFkZG5aUFlPUVVxaw?oc=5&hl=tr&gl=TR&ceid=TR:tr,Antalya,Alanya,30 sularında Avsallar Mahallesi,sularında Avsallar Mahallesi İncekum Caddesi,,,,firma yok | faaliyet/tesis yok,,,,maps araması yapılmadı,,,149.5,11
2026-07-02 08:31:03,depo yangını,Fiziksel Risk / Yangın,Vinh Long: An Hiep Sanayi Parkı'nda çıkan yangın yaklaşık 162 milyar VND'lik hasara yol açtı.,Vinh Long: An Hiep Sanayi Parkı'nda çıkan yangın yaklaşık 162 milyar VND'lik hasara yol açtı. Vietnam.vn,https://news.google.com/rss/articles/CBMiowFBVV95cUxONXY0cm1QZGQzWlk3VURlM3JSX3NTT29nWXJKTEdkbGJSWjBKUUp0c3RDWm0zWng4VEcyNHlLdjlIbDV6OFdMekpwYTFKU0hHOHhkNDA3Yk9HQThoQWU3bll5U0x2Skw2SENsMkNldy1peE8wVWE4VHZFZDB0am5wV0lxYTg4LXMwVGwwZjJSZnlFZ0JKcFBkZ2ZxalF2akdUcHBv?oc=5,sanayi,,Vinh Long: An Hiep Sanayi Parkı'nda çıkan yangın yaklaşık 162 milyar VND'lik hasara yol açtı. Vietnam.vn,Vinh Long: An Hiep Sanayi Parkı'nda çıkan yangın yaklaşık 162 milyar VND'lik hasara yol açtı. Vinh Long: An Hiep Sanayi Parkı'nda çıkan yangın yaklaşık 162 milyar VND'lik hasara yol açtı. Vietnam.vn Vinh Long: An Hiep Sanayi Parkı'nda çıkan yangın yaklaşık 162 milyar VND'lik hasara yol açtı.,browser_failed,https://news.google.com/rss/articles/CBMiowFBVV95cUxONXY0cm1QZGQzWlk3VURlM3JSX3NTT29nWXJKTEdkbGJSWjBKUUp0c3RDWm0zWng4VEcyNHlLdjlIbDV6OFdMekpwYTFKU0hHOHhkNDA3Yk9HQThoQWU3bll5U0x2Skw2SENsMkNldy1peE8wVWE4VHZFZDB0am5wV0lxYTg4LXMwVGwwZjJSZnlFZ0JKcFBkZ2ZxalF2akdUcHBv?oc=5&hl=tr&gl=TR&ceid=TR:tr,,,,,,An Hiep Sanayi,An Hiep Sanayi:292:body+summary+title,il yok | ilçe yok | faaliyet/tesis yok,An Hiep Sanayi Türkiye,An Hiep Sanayi Türkiye,An Hiep Sanayi Türkiye,firma adı + güvenli maps adayı var,100.0,,195.54,12
2026-07-02 09:38:58,depo yangını,Fiziksel Risk / Yangın,Trabzon’da 7 katlı apartmanın deposunda yangın çıktı.,Trabzon’da 7 katlı apartmanın deposunda yangın çıktı. Haber61,https://news.google.com/rss/articles/CBMidkFVX3lxTE1yalVMTEdzWThsTHBUX284NHY3VmR3SVlFd1hYbmdhQnJ0RkE0WVBpXzRVZDdzUXE5Tkk5YUpzaVlvcjMxMTNTTTdYNFgyVXdsanNYM2wzS28zMV9iZFA5cnBEVXlkUnhSNFJEdVVxTEV4NFdvMnfSAXtBVV95cUxQZ0ZpUjZBZEpiSWpjelMxZmtSNDlfajd4czVnNkFSbkVQOTJtdERtWFFVTGxrdnIzcF8xTDBZLTIxUk5HM2ctems4OTAyMGg5eUQ3Sy14Rno5T0J0aGdiblY1UlJjTnZMYzUyNkxVZ3NZZTlxcUp4a2xJLWM?oc=5,depo,depo,Trabzon’da 7 katlı apartmanın deposunda yangın çıktı. Haber61,Trabzon’da 7 katlı apartmanın deposunda yangın çıktı. Trabzon’da 7 katlı apartmanın deposunda yangın çıktı. Haber61 Trabzon’da 7 katlı apartmanın deposunda yangın çıktı.,browser_failed,https://www.haber61.net/trabzon/trabzonda-korkutan-yangin-12/447160,Trabzon,,,,,,,ilçe yok | firma yok | faaliyet/tesis yok,,,,maps araması yapılmadı,,,60.36,13
2026-07-02 09:42:17,iflas,İflas / Konkordato / Mali Sorun,Kayseri'de iflas eden firma ile ilgili yeni gelişme! İkinci kez toplanacaklar,Kayseri'de iflas eden firma ile ilgili yeni gelişme! İkinci kez toplanacaklar Kayseri Olay Haber,https://news.google.com/rss/articles/CBMisgFBVV95cUxPUzZnb0NSY21TT0daLWZTZzl1andGZmZzRzRJNHM4RlY3U1hLLU1JbG1GRDVlaU84UElBdXYzX2RGaHdCMnV6QWF0TFc4UGJzRWFUTFJoRFhSTGhVeDZuWVlTREQxaXNzU3NqeWhZTzdUX1JoRGg0NnA0d2RycEQ3WXpMTXdLTkVvYndoRHZUTnE3MzBOYTdrUWh2Sm55NkV3QlFSMkZxU3FGblhHcmFlRDh3?oc=5,firma,şirket / firma,"www.kayseriolay.com Güvenlik doğrulaması yapılıyor Bu web sitesi, kötü niyetli botlara karşı korunmak için bir güvenlik hizmeti kullanıyor. Web sitesi bir bot olmadığınızı doğrularken bu sayfa görüntülenir. Doğrulama başarılı. www.kayseriolay.com adresinin yanıt vermesi bekleniyor Güvenlik doğrulaması yapılıyor Doğrulama başarılı. www.kayseriolay.com adresinin yanıt vermesi bekleniyor Bu web sitesi, kötü niyetli botlara karşı korunmak için bir güvenlik hizmeti kullanıyor. Web sitesi bir bot olmadığınızı doğrularken bu sayfa görüntülenir.","Kayseri'de iflas eden firma ile ilgili yeni gelişme! İkinci kez toplanacaklar Kayseri'de iflas eden firma ile ilgili yeni gelişme! İkinci kez toplanacaklar Kayseri Olay Haber www.kayseriolay.com Güvenlik doğrulaması yapılıyor Bu web sitesi, kötü niyetli botlara karşı korunmak için bir güvenlik hizmeti kullanıyor. Web sitesi bir bot olmadığınızı doğrularken bu sayfa görüntülenir. www.kayseriolay.com adresinin yanıt vermesi bekleniyor Güvenlik doğrulaması yapılıyor Doğrulama başarılı. www.kayseriolay.com adresinin yanıt vermesi bekleniyor Bu web sitesi, kötü niyetli botlara karşı korunmak için bir güvenlik hizmeti kullanıyor.",browser_full_article,https://www.kayseriolay.com/kayseri-de-iflas-eden-firma-ile-ilgili-yeni-gelisme-ikinci-kez-toplanacaklar/186999/,Kayseri,,,,,,,ilçe yok | firma yok | faaliyet/tesis yok,,,,maps araması yapılmadı,,,93.93,14
2026-07-02 08:48:21,iflas,İflas / Konkordato / Mali Sorun,Sanayide şok iflas: Ülker ile dev üretim yapan Modern Çikolata kepenk indirdi,Sanayide şok iflas: Ülker ile dev üretim yapan Modern Çikolata kepenk indirdi | EKONOMİ HABERLERİ GZT,https://news.google.com/rss/articles/CBMiygFBVV95cUxNZE1QM0dONkVMOUZfeE9JLU1KMWxMLUsyUVJfNDREdHBKMXkxbTJya2E5VVRBYXEyakF5NDUyQVdWRGx5NHJqRUtoMXh2bVhFTFZVQVhqX1BYb1o3ZVVtMVJCTHRCd2JIbTRPZVBaQVpBdG45NjJiOExWaEl0a2NrbGloZTY1RTliaUNicG15QkYyYnVPejZMaDdjdkhfbngtNnVUTlR0RzZmLXRBUWZHdXVnWkhyeVZPUEREWjdmOUQ5anE0NXREQWln?oc=5,"sanayi, üretim",üretim tesisi,Sanayide şok iflas: Ülker ile dev üretim yapan Modern Çikolata kepenk indirdi | EKONOMİ HABERLERİ GZT,Sanayide şok iflas: Ülker ile dev üretim yapan Modern Çikolata kepenk indirdi Sanayide şok iflas: Ülker ile dev üretim yapan Modern Çikolata kepenk indirdi | EKONOMİ HABERLERİ GZT Sanayide şok iflas: Ülker ile dev üretim yapan Modern Çikolata kepenk indirdi | EKONOMİ HABERLERİ GZT,browser_failed,https://news.google.com/rss/articles/CBMiygFBVV95cUxNZE1QM0dONkVMOUZfeE9JLU1KMWxMLUsyUVJfNDREdHBKMXkxbTJya2E5VVRBYXEyakF5NDUyQVdWRGx5NHJqRUtoMXh2bVhFTFZVQVhqX1BYb1o3ZVVtMVJCTHRCd2JIbTRPZVBaQVpBdG45NjJiOExWaEl0a2NrbGloZTY1RTliaUNicG15QkYyYnVPejZMaDdjdkhfbngtNnVUTlR0RzZmLXRBUWZHdXVnWkhyeVZPUEREWjdmOUQ5anE0NXREQWln?oc=5&hl=tr&gl=TR&ceid=TR:tr,,,,,,,,il yok | ilçe yok | firma yok | faaliyet/tesis yok,,,,maps araması yapılmadı,,,80.76,15
2026-07-02 23:09:10,iflas,İflas / Konkordato / Mali Sorun,ABD'nin 13 milyar dolarlık gemisinde lojistik iflas,ABD'nin 13 milyar dolarlık gemisinde lojistik iflas Yakın Doğu Haber,https://news.google.com/rss/articles/CBMiqwFBVV95cUxPT2pRai1ncUg0RHlvR3VXWDVTWnJCa1NfaUVQOW5EMmF6U0RhNXJtTzZXTWlqV0otc1BzYnQ2Qzg5S0VxRmNrQ2lZUnItVTZQQXphOXludm9vc1VtUHdoTlI2dDg1S3VhWDFibUhVallnNFVOU0J3b2x4LUJoTVBxRVVxd1YtQTdfZTUtNVNoZUpITEo3OWh4SDQwemtmTXBhTklYQmhqZjdfN0U?oc=5,lojistik,,ABD'nin 13 milyar dolarlık gemisinde lojistik iflas Yakın Doğu Haber,ABD'nin 13 milyar dolarlık gemisinde lojistik iflas ABD'nin 13 milyar dolarlık gemisinde lojistik iflas Yakın Doğu Haber ABD'nin 13 milyar dolarlık gemisinde lojistik iflas Yakın Doğu Haber,browser_failed,https://news.google.com/rss/articles/CBMiqwFBVV95cUxPT2pRai1ncUg0RHlvR3VXWDVTWnJCa1NfaUVQOW5EMmF6U0RhNXJtTzZXTWlqV0otc1BzYnQ2Qzg5S0VxRmNrQ2lZUnItVTZQQXphOXludm9vc1VtUHdoTlI2dDg1S3VhWDFibUhVallnNFVOU0J3b2x4LUJoTVBxRVVxd1YtQTdfZTUtNVNoZUpITEo3OWh4SDQwemtmTXBhTklYQmhqZjdfN0U?oc=5&hl=tr&gl=TR&ceid=TR:tr,,,,,,,,il yok | ilçe yok | firma yok | faaliyet/tesis yok,,,,maps araması yapılmadı,,,51.18,16
2026-07-02 07:23:10,iflas,İflas / Konkordato / Mali Sorun,Bursa'da iki şirketin iflas dosyasında kritik süreç! Alacaklılar için itiraz süresi başladı...,Bursa'da iki şirketin iflas dosyasında kritik süreç! Alacaklılar için itiraz süresi başladı... Bursa Hakimiyet,https://news.google.com/rss/articles/CBMi1AFBVV95cUxOVThiaXJpbm04VjNJNnZ1UG1CVmhfZ2c4QjJOTkRObGx5eTVTb1Q5WU8zYnJuTmhyNUlzU1VGWldjaWEyMTJsLXZfc21oWHFwSzhQeUlTUjRyTWRuenBhSGk0MWRvVXo5YTRnRElmdXdMdDA3eGIzR2JVVGowdkFaYTJJSVdfenZHQ25zaDZfYmVLZDBXZmg3aHdwYXN2UFRLb0M0aGZoc0JjMnBXaEJ1VGZHMC13VjRMMEExeHNsLWtaMmM2c2VTX09QVy01bmUwNFlzbg?oc=5,şirket,şirket / firma,"Bursa İnegöl İcra Dairesi, iflas eden iki şirketle ilgili yeni ilan yayımladı. Wood Dizayn Orm. Ürn. Ltd. Şti. için sıra cetveli hazırlanırken, Özmin Nal. Amb. Ltd. Şti. dosyasında ise ek sıra cetveli düzenlendi. Alacaklılar için yasal itiraz süreci başladı. Bursa'da iki şirketin iflas dosyasında kritik süreç! Alacaklılar için itiraz süresi başladı... Bursa İnegöl İcra Dairesi, iflas eden iki şirketle ilgili yeni ilan yayımladı. Wood Dizayn Orm. Ürn. Ltd. Şti. için sıra cetveli hazırlanırken, Özmin Nal. Amb. Ltd. Şti. dosyasında ise ek sıra cetveli düzenlendi. Alacaklılar için yasal itiraz süreci başladı. Bursa'nın İnegöl ilçesinde yürütülen iki ayrı iflas dosyasında önemli gelişmeler yaşandı. İnegöl İcra Dairesi tarafından yayımlanan ilanlara göre, Wood Dizayn Orm. Ürn. Akary. İnş. Tur. Gıda Oto. Nak. Teks. Mob. Loj. San. ve Tic. Ltd. Şti. ile Özmin Nal. Amb. İnş. Taah. Taş. Gıda Tarım Hayv. San. ve Tic. Ltd. Şti. hakkında hazırlanan sıra cetvelleri incelemeye açıldı. WOOD DİZAYN DOSYASINDA SIRA CETVELİ HAZIRLANDI Bursa 1. Asliye Ticaret Mahkemesi'nin 25 Aralık 2024 tarihli, 2023/1168 esas sayılı kararı ile iflasına hükmedilen Wood Dizayn Orm. Ürn. Akary. İnş. Tur. Gıda Oto. Nak. Teks. Mob. Loj. San. ve Tic. Ltd. Şti. hakkında iflasın aynı gün saat 15.11'de açıldığı belirtildi. İnegöl İcra Dairesi, şirketin iflas dosyasındaki alacak kayıtlarının incelendiğini ve İcra ve İflas Kanunu'nun 230 ve 232. maddeleri kapsamında hazırlanan sıra cetvelinin dosyada incelemeye hazır tutulduğunu duyurdu. ÖZMİN NAL DOSYASINDA EK SIRA CETVELİ DÜZENLENDİ İnegöl İcra Dairesi'nin yayımladığı ikinci ilanda ise Özmin Nal. Amb. İnş. Taah. Taş. Gıda Tarım Hayv. San. ve Tic. Ltd. Şti. ile ilgili iflas dosyasında yeni bir aşamaya geçildiği bildirildi. Şirketin iflasına, Bursa 1. Asliye Ticaret Mahkemesi'nin 2 Nisan 2024 tarihli, 2023/1137 esas sayılı kararı ile hükmedilmiş, iflas aynı gün saat 15.08'de açılmıştı. Daha önce 6 Mayıs 2026 tarihinde hazırlanan sıra cetvelinin ardından dosyaya yeni alacak kayıtları yapılması üzerine, bu başvurular değerlendirilerek ek sıra cetveli oluşturuldu. ALACAKLILAR İÇİN YASAL SÜREÇ BAŞLADI Her iki iflas dosyasında da yayımlanan ilanlara göre; Alacağın esasına ve miktarına ilişkin itirazlar, ilan tarihinden itibaren 15 gün içerisinde iflas dairesinin bulunduğu yerdeki Ticaret Mahkemesi'nde dava konusu yapılabilecek. Sıraya ilişkin itirazlar ise 7 gün içerisinde şikâyet yoluyla İcra Hukuk Mahkemesi'ne taşınabilecek. DOSYALAR İNCELEMEYE AÇILDI İnegöl İcra Dairesi, hem Wood Dizayn Orm. Ürn. Ltd. Şti. için hazırlanan sıra cetvelinin hem de Özmin Nal. Amb. Ltd. Şti. için düzenlenen ek sıra cetvelinin dosyalarda incelemeye hazır tutulduğunu açıkladı. Yetkililer, alacaklıların hak kaybı yaşamamaları için ilan edilen yasal süreler içerisinde gerekli itiraz ve başvurularını yapmaları gerektiğini bildirdi.","Bursa'da iki şirketin iflas dosyasında kritik süreç! Alacaklılar için itiraz süresi başladı... Bursa'da iki şirketin iflas dosyasında kritik süreç! Alacaklılar için itiraz süresi başladı... Bursa Hakimiyet Bursa İnegöl İcra Dairesi, iflas eden iki şirketle ilgili yeni ilan yayımladı. Ltd. Şti. için sıra cetveli hazırlanırken, Özmin Nal. Ltd. Şti. dosyasında ise ek sıra cetveli düzenlendi. Alacaklılar için yasal itiraz süreci başladı. Bursa'da iki şirketin iflas dosyasında kritik süreç! Alacaklılar için itiraz süresi başladı... Bursa'nın İnegöl ilçesinde yürütülen iki ayrı iflas dosyasında önemli gelişmeler yaşandı. İnegöl İcra Dairesi tarafından yayımlanan ilanlara göre, Wood Dizayn Orm. Ltd. Şti. hakkında hazırlanan sıra cetvelleri incelemeye açıldı. WOOD DİZAYN DOSYASINDA SIRA CETVELİ HAZIRLANDI Bursa 1. Asliye Ticaret Mahkemesi'nin 25 Aralık 2024 tarihli, 2023/1168 esas sayılı kararı ile iflasına hükmedilen Wood Dizayn Orm. Ltd. Şti. hakkında iflasın aynı gün saat 15.11'de açıldığı belirtildi. İnegöl İcra Dairesi, şirketin iflas dosyasındaki alacak kayıtlarının incelendiğini ve İcra ve İflas Kanunu'nun 230 ve 232. ÖZMİN NAL DOSYASINDA EK SIRA CETVELİ DÜZENLENDİ İnegöl İcra Dairesi'nin yayımladığı ikinci ilanda ise Özmin Nal. Ltd. Şti. ile ilgili iflas dosyasında yeni bir aşamaya geçildiği bildirildi. Şirketin iflasına, Bursa 1. Asliye Ticaret Mahkemesi'nin 2 Nisan 2024 tarihli, 2023/1137 esas sayılı kararı ile hükmedilmiş, iflas aynı gün saat 15.08'de açılmıştı. Daha önce 6 Mayıs 2026 tarihinde hazırlanan sıra cetvelinin ardından dosyaya yeni alacak kayıtları yapılması üzerine, bu başvurular değerlendirilerek ek sıra cetveli oluşturuldu. ALACAKLILAR İÇİN YASAL SÜREÇ BAŞLADI Her iki iflas dosyasında da yayımlanan ilanlara göre; Alacağın esasına ve miktarına ilişkin itirazlar, ilan tarihinden itibaren 15 gün içerisinde iflas dairesinin bulunduğu yerdeki Ticaret Mahkemesi'nde dava konusu yapılabilecek. Sıraya ilişkin itirazlar ise 7 gün içerisinde şikâyet yoluyla İcra Hukuk Mahkemesi'ne taşınabilecek. Ltd. Şti. için hazırlanan sıra cetvelinin hem de Özmin Nal. Ltd. Şti. için düzenlenen ek sıra cetvelinin dosyalarda incelemeye hazır tutulduğunu açıkladı. Yetkililer, alacaklıların hak kaybı yaşamamaları için ilan edilen yasal süreler içerisinde gerekli itiraz ve başvurularını yapmaları gerektiğini bildirdi.",browser_full_article,https://www.bursahakimiyet.com.tr/bursa/bursa-da-iki-sirketin-iflas-dosyasinda-kritik-surec-alacaklilar-icin-itiraz-suresi-basladi-1661162,Bursa,İnegöl,,,,Wood Dizayn Orm. Ürn. Ltd. Şti | Özmin Nal. Amb. Ltd. Şti,Özmin Nal. Ltd. Şti:81:body | Wood Dizayn Orm. Ltd. Şti:73:body | Wood Dizayn Orm. Ürn. Ltd. Şti:raw_legal | Özmin Nal. Amb. Ltd. Şti:raw_legal,faaliyet/tesis yok,Wood Dizayn Orm. Ürn. Ltd. Şti İnegöl Bursa Türkiye | Özmin Nal. Amb. Ltd. Şti İnegöl Bursa Türkiye,More Wood Design | WOODLENT ORMAN URN. SAN. TİC. LTD. STI,More Wood Design,firma adı + güvenli maps adayı var,51.16279069767442 | 67.74193548387098,MY DESİGN-SAVAŞ TURAN | Fi Orman Ürünleri | Dawood | Mianne Mobilya | Mians Tekstil | Asmin Butik,225.7,17
2026-07-02 07:30:25,iflas,İflas / Konkordato / Mali Sorun,☀️📉 GridParty'nin iflasıyla ilgili haberler: Güneş panelli teraslar ve güneş enerjili otoparklar 🏡🚗 Bavyera'dan bir kurtarıcı bu karlı niş pazarı nasıl canlandırıyor 🤝🇩🇪,☀️📉 GridParty'nin iflasıyla ilgili haberler: Güneş panelli teraslar ve güneş enerjili otoparklar 🏡🚗 Bavyera'dan bir kurtarıcı bu karlı niş pazarı nasıl canlandırıyor 🤝🇩🇪 Xpert.Digital - Konrad Wolfenstein,https://news.google.com/rss/articles/CBMickFVX3lxTE90ME1sNEhtOWl6U1pLejU4Ym5QNzVzMHJicTc4cDdqZkVVdTdhMV9rQmdaQndLOFJacXEzbFZNSlBEcUxtLWxnN0NEeDdEeWFQMGxFLTNOekNNdHRZR2pfQnJGczA5dUZJZlNRa05JeVZuZw?oc=5,enerji,,☀️📉 GridParty'nin iflasıyla ilgili haberler: Güneş panelli teraslar ve güneş enerjili otoparklar 🏡🚗 Bavyera'dan bir kurtarıcı bu karlı niş pazarı nasıl canlandırıyor 🤝🇩🇪 Xpert.Digital - Konrad Wolfenstein,☀️📉 GridParty'nin iflasıyla ilgili haberler: Güneş panelli teraslar ve güneş enerjili otoparklar 🏡🚗 Bavyera'dan bir kurtarıcı bu karlı niş pazarı nasıl canlandırıyor 🤝🇩🇪 ☀️📉 GridParty'nin iflasıyla ilgili haberler: Güneş panelli teraslar ve güneş enerjili otoparklar 🏡🚗 Bavyera'dan bir kurtarıcı bu karlı niş pazarı nasıl canlandırıyor 🤝🇩🇪 Xpert.Digital - Konrad Wolfenstein ☀️📉 GridParty'nin iflasıyla ilgili haberler: Güneş panelli teraslar ve güneş enerjili otoparklar 🏡🚗 Bavyera'dan bir kurtarıcı bu karlı niş pazarı nasıl canlandırıyor 🤝🇩🇪 Xpert.Digital - Konrad Wolfenstein,browser_failed,https://news.google.com/rss/articles/CBMickFVX3lxTE90ME1sNEhtOWl6U1pLejU4Ym5QNzVzMHJicTc4cDdqZkVVdTdhMV9rQmdaQndLOFJacXEzbFZNSlBEcUxtLWxnN0NEeDdEeWFQMGxFLTNOekNNdHRZR2pfQnJGczA5dUZJZlNRa05JeVZuZw?oc=5&hl=tr&gl=TR&ceid=TR:tr,,,,,,,,il yok | ilçe yok | firma yok | faaliyet/tesis yok,,,,maps araması yapılmadı,,,151.54,18
2026-07-02 18:26:13,iflas,İflas / Konkordato / Mali Sorun,İzmir merkezli 23 yıllık tekstil firması iflas etti: Tasfiye süreci başladı,İzmir merkezli 23 yıllık tekstil firması iflas etti: Tasfiye süreci başladı Kamu Son Dakika Haberleri,https://news.google.com/rss/articles/CBMitAFBVV95cUxOMU1pa19iTHlLZHhRTm9MVGR6TmdkU0dGMVF0S0JuVG15bjhnRjZMdzRYTU5BTm00OFI0bk5WblBmTUNJYWlTVFBYQUJ5NnIxRDIxbVpsS3IyaHh1SkZ5Sm5Ub3FDQ3dNbUw0VUJvSzdjWm8wZHB2emRVeU9acFBualNYRzZFTHNSMFVUMXAtMmd5T3VINVlpLTJFUVk1MmRFdHVfX3dWMmkwRG1kS3l1MERVTW0?oc=5,"firma, tekstil",şirket / firma,"İzmir merkezli Denfa Moda Tekstil, yaşadığı mali sıkıntıları aşamayınca iflas etti. Konkordato sürecinden sonuç alamayan şirket için mahkeme iflas kararı verirken, tasfiye işlemleri de resmen başladı. İzmir merkezli Denfa Moda Tekstil, yaşadığı mali sıkıntıları aşamayınca iflas etti. Konkordato sürecinden sonuç alamayan şirket için mahkeme iflas kararı verirken, tasfiye işlemleri de resmen başladı. TÜİK'ten son dakika: Haziran ayı enflasyon rakamları açıklandı Altın fiyatları yükselişe geçti ( 3 Temmuz 2026) En çok otomobil satan markalar hangileri belli oldu Altın fiyatları yükselişe geçti Kamu Son Dakika'yı Google Haberler'e ekleyin • Gündemi ilk siz takip edin İzmir merkezli 23 yıllık tekstil firması iflas etti: Tasfiye süreci başladı Yayınlanma: 02/07/2026 21:26 İzmir merkezli Denfa Moda Tekstil, yaşadığı mali sıkıntıları aşamayınca iflas etti. Konkordato sürecinden sonuç alamayan şirket için mahkeme iflas kararı verirken, tasfiye işlemleri de resmen başladı. Ege Bölgesi'nin uzun yıllardır faaliyet gösteren tekstil firmalarından Denfa Moda Tekstil, mali darboğazı aşamayarak iflas etti. Yaklaşık 23 yıldır kadın ve erkek giyim alanında üretim ve satış yapan şirket için mahkeme tasfiye kararı verdi. İzmir ve Manisa'da önemli bir müşteri ağına sahip olan Denfa Moda Tekstil, finansal sorunlarını çözebilmek amacıyla bir süre önce konkordato talebinde bulunmuş, mahkeme tarafından şirkete 1 yıllık kesin mühlet verilmişti. Ancak bu süreçte beklenen mali iyileşme sağlanamadı. İzmir 1. Asliye Ticaret Mahkemesi, kesin mühletin sona ermesinin ardından 25 Haziran 2026 tarihinde şirketin iflasına hükmetti. Mahkeme, 2025/360 Esas sayılı dosya kapsamında Denfa Moda Tekstil'in tasfiye usulüyle kapatılmasına karar verdi. 11 Mart 2003 tarihinde Aydın'ın Kurtuluş Mahallesi'nde kurulan Denfa Moda Tekstil, ilerleyen yıllarda faaliyet alanını genişleterek İzmir Gaziemir ve Manisa Alaşehir'de büyümesini sürdürdü. Fiziki mağazalarının yanı sıra e-ticaret kanalıyla da müşterilerine ulaşan şirket, son dönemde artan ekonomik baskılar ve finansal yükümlülüklerini karşılayamaması nedeniyle faaliyetlerini sürdüremedi. Mahkemenin verdiği kararın ardından şirket için tasfiye süreci resmen başlarken, Denfa Moda Tekstil de Türkiye'de son dönemde iflas kararı verilen firmalar arasına katıldı. HABERE YORUM KAT UYARI: Küfür, hakaret, rencide edici cümleler veya imalar, inançlara saldırı içeren, imla kuralları ile yazılmamış, Türkçe karakter kullanılmayan ve büyük harflerle yazılmış yorumlar","İzmir merkezli 23 yıllık tekstil firması iflas etti: Tasfiye süreci başladı İzmir merkezli 23 yıllık tekstil firması iflas etti: Tasfiye süreci başladı Kamu Son Dakika Haberleri İzmir merkezli Denfa Moda Tekstil, yaşadığı mali sıkıntıları aşamayınca iflas etti. Konkordato sürecinden sonuç alamayan şirket için mahkeme iflas kararı verirken, tasfiye işlemleri de resmen başladı. TÜİK'ten son dakika: Haziran ayı enflasyon rakamları açıklandı Altın fiyatları yükselişe geçti ( 3 Temmuz 2026) En çok otomobil satan markalar hangileri belli oldu Altın fiyatları yükselişe geçti Kamu Son Dakika'yı Google Haberler'e ekleyin • Gündemi ilk siz takip edin İzmir merkezli 23 yıllık tekstil firması iflas etti: Tasfiye süreci başladı Yayınlanma: 02/07/2026 21:26 İzmir merkezli Denfa Moda Tekstil, yaşadığı mali sıkıntıları aşamayınca iflas etti. Ege Bölgesi'nin uzun yıllardır faaliyet gösteren tekstil firmalarından Denfa Moda Tekstil, mali darboğazı aşamayarak iflas etti. Yaklaşık 23 yıldır kadın ve erkek giyim alanında üretim ve satış yapan şirket için mahkeme tasfiye kararı verdi. İzmir ve Manisa'da önemli bir müşteri ağına sahip olan Denfa Moda Tekstil, finansal sorunlarını çözebilmek amacıyla bir süre önce konkordato talebinde bulunmuş, mahkeme tarafından şirkete 1 yıllık kesin mühlet verilmişti. Ancak bu süreçte beklenen mali iyileşme sağlanamadı. Asliye Ticaret Mahkemesi, kesin mühletin sona ermesinin ardından 25 Haziran 2026 tarihinde şirketin iflasına hükmetti. Mahkeme, 2025/360 Esas sayılı dosya kapsamında Denfa Moda Tekstil'in tasfiye usulüyle kapatılmasına karar verdi. 11 Mart 2003 tarihinde Aydın'ın Kurtuluş Mahallesi'nde kurulan Denfa Moda Tekstil, ilerleyen yıllarda faaliyet alanını genişleterek İzmir Gaziemir ve Manisa Alaşehir'de büyümesini sürdürdü. Fiziki mağazalarının yanı sıra e-ticaret kanalıyla da müşterilerine ulaşan şirket, son dönemde artan ekonomik baskılar ve finansal yükümlülüklerini karşılayamaması nedeniyle faaliyetlerini sürdüremedi. Mahkemenin verdiği kararın ardından şirket için tasfiye süreci resmen başlarken, Denfa Moda Tekstil de Türkiye'de son dönemde iflas kararı verilen firmalar arasına katıldı.",browser_full_article,https://kamusondakika.net/ekonomi/izmir-merkezli-23-yillik-tekstil-firmasi-iflas-etti-tasfiye-sureci-basladi-4242h,Aydın | İzmir | Manisa,Gaziemir | Alaşehir,ın Kurtuluş Mahallesi,,,,,firma yok | faaliyet/tesis yok,,,,maps araması yapılmadı,,,143.75,19
2026-07-02 07:59:00,konkordato,İflas / Konkordato / Mali Sorun,Gaziantep'in Yarım Asırlık Sanayi Devi Konkordato İlan Etti,Gaziantep'in Yarım Asırlık Sanayi Devi Konkordato İlan Etti Haber 342,https://news.google.com/rss/articles/CBMinwFBVV95cUxQN0FnZWp4eXZadnJLRHVTdkJscno1YWl4M0hoMTBXVGoxdmRPYU50SW13MDg0blRmZEM0Y1pZQ2kxM1V2VmV3NV9KZUJ0QUg5bnk1MnlWM3N0QXpjcjVCWTg3YS1KSFU2UjBqSkY2RFNaOWFrbF95YklZVHhHaTdyTnI3V1hfdEwyb01lZkhVWWdpSzF0TGI3ZkNtdHp5Mk3SAaQBQVVfeXFMUDNOZUlGV2NnM3dDY2pKdlhfQWF2YVFNbGdUSEJRb05iWlFiZFBKSzVmb2ppWVVGQjJKaHlfMUlMT2NyWGljdXRCVmlCcWVlaUQ5a1cxUGdIaXV6TDJMaG5mb2FoRjd6cGpma015N3B1b2RqMDlPa3otMktEdDRlU2VNMnlEMHNKX2RCY0NyQ3daWG1ORm1FMW9WSWxmdXozOE0zU2Y?oc=5,sanayi,,Gaziantep sanayisinin yarım asırlık çınarlarından biri ekonomik darboğaza girdi. Gaziantep Organize Sanayi Bölgesi'nin en eski ve en köklü k... Gaziantep sanayisinin yarım asırlık çınarlarından biri ekonomik darboğaza girdi. Gaziantep Organize Sanayi Bölgesi'nin en eski ve en köklü kuruluşları arasında... Gaziantep sanayisinin yarım asırlık çınarlarından biri ekonomik darboğaza girdi. Gaziantep Organize Sanayi Bölgesi'nin en eski ve en köklü k...,Gaziantep'in Yarım Asırlık Sanayi Devi Konkordato İlan Etti Gaziantep'in Yarım Asırlık Sanayi Devi Konkordato İlan Etti Haber 342 Gaziantep sanayisinin yarım asırlık çınarlarından biri ekonomik darboğaza girdi. Gaziantep Organize Sanayi Bölgesi'nin en eski ve en köklü k... Gaziantep Organize Sanayi Bölgesi'nin en eski ve en köklü kuruluşları arasında...,browser_full_article,https://www.haber342.com/haber/28270012/gaziantepin-yarim-asirlik-sanayi-devi-konkordato-ilan-etti,Gaziantep,,Gaziantep Organize Sanayi,,,Yarım Asırlık Sanayi,Yarım Asırlık Sanayi:292:body+summary+title,ilçe yok | faaliyet/tesis yok,Yarım Asırlık Sanayi Gaziantep Organize Sanayi Gaziantep Türkiye,Organize Sanayi 1. Kısım,Organize Sanayi 1. Kısım,firma adı + güvenli maps adayı var,55.81395348837209,,197.25,20
2026-07-02 07:28:07,yolsuzluk,Diğer,Irak’ta Iraqi Airways’e Yolsuzluk Operasyonu: 12 Milyon Euroluk Fona El Konuldu,Irak’ta Iraqi Airways’e Yolsuzluk Operasyonu: 12 Milyon Euroluk Fona El Konuldu AirlineHaber,https://news.google.com/rss/articles/CBMiqgFBVV95cUxOekJMZDhvX1dCd05NelItTkdzLTNMaU9vazh1V2tyOWd2bG9uR0JZTDJmWU9pdzFfYzZTd1pIc1VDVHhBYlJxLTFlUkIxWTM0aGNkRFd0VmZ0elhpeGxpMXdyTWtVTU94RDdBVS1od0hHdGRUSWEweHBDM09ZMkY3bHZCRDl3cjdtVHkydkpDa2ktbG1faG91TjYwM3R3dk9vcDNzb3hGN0tDQQ?oc=5,el konuldu,,Irak’ta Iraqi Airways’e Yolsuzluk Operasyonu: 12 Milyon Euroluk Fona El Konuldu AirlineHaber,Irak’ta Iraqi Airways’e Yolsuzluk Operasyonu: 12 Milyon Euroluk Fona El Konuldu Irak’ta Iraqi Airways’e Yolsuzluk Operasyonu: 12 Milyon Euroluk Fona El Konuldu AirlineHaber Irak’ta Iraqi Airways’e Yolsuzluk Operasyonu: 12 Milyon Euroluk Fona El Konuldu AirlineHaber,browser_failed,https://news.google.com/rss/articles/CBMiqgFBVV95cUxOekJMZDhvX1dCd05NelItTkdzLTNMaU9vazh1V2tyOWd2bG9uR0JZTDJmWU9pdzFfYzZTd1pIc1VDVHhBYlJxLTFlUkIxWTM0aGNkRFd0VmZ0elhpeGxpMXdyTWtVTU94RDdBVS1od0hHdGRUSWEweHBDM09ZMkY3bHZCRDl3cjdtVHkydkpDa2ktbG1faG91TjYwM3R3dk9vcDNzb3hGN0tDQQ?oc=5&hl=tr&gl=TR&ceid=TR:tr,,,,,,,,il yok | ilçe yok | firma yok | faaliyet/tesis yok,,,,maps araması yapılmadı,,,79.42,21
2026-07-02 21:39:22,yangın,Fiziksel Risk / Yangın,Etimesgut'ta Şeker Fabrikası yakınındaki boş arazide yangın,Etimesgut'ta Şeker Fabrikası yakınındaki boş arazide yangın Manşet Haber,https://news.google.com/rss/articles/CBMiowFBVV95cUxOYVpfTVo2bUpTc3VjNmQxbWk3NTZjZGNYWXBLN1N2WHpqREhHb2tlN3Mta01ueTVfTHBNMWpVWjI1Z25tWG5WX1IxLTRyVDFyR29oTGEybHFCTWh4LWxvbUVCc2JWbFgzVnRTbVVEeGRWNnpEQ3pta2R0VFdyWmNyZVIwSlRrYTFldHVIT3pOUmhRdW9rZ05TSmt5dnhWQ2d2WXI0?oc=5,fabrika,fabrika,Etimesgut'ta Şeker Fabrikası yakınındaki boş arazide yangın Manşet Haber,Etimesgut'ta Şeker Fabrikası yakınındaki boş arazide yangın Etimesgut'ta Şeker Fabrikası yakınındaki boş arazide yangın Manşet Haber Etimesgut'ta Şeker Fabrikası yakınındaki boş arazide yangın Manşet Haber,browser_failed,https://news.google.com/rss/articles/CBMiowFBVV95cUxOYVpfTVo2bUpTc3VjNmQxbWk3NTZjZGNYWXBLN1N2WHpqREhHb2tlN3Mta01ueTVfTHBNMWpVWjI1Z25tWG5WX1IxLTRyVDFyR29oTGEybHFCTWh4LWxvbUVCc2JWbFgzVnRTbVVEeGRWNnpEQ3pta2R0VFdyWmNyZVIwSlRrYTFldHVIT3pOUmhRdW9rZ05TSmt5dnhWQ2d2WXI0?oc=5&hl=tr&gl=TR&ceid=TR:tr,Ankara,Etimesgut,,,ta Şeker Fabrikası,,,firma yok,ta Şeker Fabrikası Etimesgut Ankara Türkiye,Türk Şeker Fabrikası,Türk Şeker Fabrikası,"firma adı yok, tesis/lokasyon ile maps tahmini var",100,,150.22,22
2026-07-02 19:12:35,yangın,Fiziksel Risk / Yangın,İstanbul'da hayvancılık işletmesinde yangın,İstanbul'da hayvancılık işletmesinde yangın İlke Haber Ajansı,https://news.google.com/rss/articles/CBMif0FVX3lxTFB0Q0FtMkN5YXZpdTA5UGRGQURBUWhkVG1ndTRFOE9yTENSdm5jdk9LQ2RENV9QYXdLWkZ6ZEo1VGFwUE5TOUhmS3JrWmh0TEE1YUJRLTJjME5EM3UycG9nS3JhOC1wM2x5SHVSTEhaeFJ4endhdll6aDFnUFk1RXc?oc=5,işletme,,"ilkha.com Güvenlik doğrulaması yapılıyor Bu web sitesi, kötü niyetli botlara karşı korunmak için bir güvenlik hizmeti kullanıyor. Web sitesi bir bot olmadığınızı doğrularken bu sayfa görüntülenir. Doğrulama başarılı. ilkha.com adresinin yanıt vermesi bekleniyor Güvenlik doğrulaması yapılıyor Doğrulama başarılı. ilkha.com adresinin yanıt vermesi bekleniyor Bu web sitesi, kötü niyetli botlara karşı korunmak için bir güvenlik hizmeti kullanıyor. Web sitesi bir bot olmadığınızı doğrularken bu sayfa görüntülenir.","İstanbul'da hayvancılık işletmesinde yangın İstanbul'da hayvancılık işletmesinde yangın İlke Haber Ajansı ilkha.com Güvenlik doğrulaması yapılıyor Bu web sitesi, kötü niyetli botlara karşı korunmak için bir güvenlik hizmeti kullanıyor. Web sitesi bir bot olmadığınızı doğrularken bu sayfa görüntülenir. ilkha.com adresinin yanıt vermesi bekleniyor Güvenlik doğrulaması yapılıyor Doğrulama başarılı. ilkha.com adresinin yanıt vermesi bekleniyor Bu web sitesi, kötü niyetli botlara karşı korunmak için bir güvenlik hizmeti kullanıyor.",browser_full_article,https://ilkha.com/guncel/istanbulda-hayvancilik-isletmesinde-yangin-544502,İstanbul,,,,,,,ilçe yok | firma yok | faaliyet/tesis yok,,,,maps araması yapılmadı,,,59.88,23
2026-07-03 04:23:58,yangın,Fiziksel Risk / Yangın,Ayvalı Çöp Depolama Alanında Yangın,Ayvalı Çöp Depolama Alanında Yangın darendepostasi.com,https://news.google.com/rss/articles/CBMihAFBVV95cUxPZTlfUmR3Rl91UFNWZGFHYVdWVjdSQ196OHZRNVZyY0F5bFJCSXRWQldqaDhOb3dGMlJ3MlJIUFBCYlo1Ynk0a18yOUdLU1ZibHNxVUUzYXlGc0JEMGYzMXpFdXBONVNaS29zQkUyZE5BVEp2bHhWNm1lMjZEYjZxUTdkOHI?oc=5,depo,depo,Ayvalı Çöp Depolama Alanında Yangın darendepostasi.com,Ayvalı Çöp Depolama Alanında Yangın Ayvalı Çöp Depolama Alanında Yangın darendepostasi.com Ayvalı Çöp Depolama Alanında Yangın darendepostasi.com,browser_failed,https://news.google.com/rss/articles/CBMihAFBVV95cUxPZTlfUmR3Rl91UFNWZGFHYVdWVjdSQ196OHZRNVZyY0F5bFJCSXRWQldqaDhOb3dGMlJ3MlJIUFBCYlo1Ynk0a18yOUdLU1ZibHNxVUUzYXlGc0JEMGYzMXpFdXBONVNaS29zQkUyZE5BVEp2bHhWNm1lMjZEYjZxUTdkOHI?oc=5&hl=tr&gl=TR&ceid=TR:tr,,,,,,,,il yok | ilçe yok | firma yok | faaliyet/tesis yok,,,,maps araması yapılmadı,,,39.54,24
2026-07-02 21:03:44,rüşvet,Diğer,"Kara Kuvvetleri Komutanlığı'ndaki lojistik ihale şebekesi hakim karşısında! Sanıklar suçu birbirine atıp rüşvete ""komisyon"" dedi!","Kara Kuvvetleri Komutanlığı'ndaki lojistik ihale şebekesi hakim karşısında! Sanıklar suçu birbirine atıp rüşvete ""komisyon"" dedi! Yeni Akit Gazetesi",https://news.google.com/rss/articles/CBMihwJBVV95cUxOcGFsb1ZhY0xEcE1yUHRYSjNZbzRqQjJBSnVmNDgxVE1PZVFFaFQwbThHT3JaSFJNS1hPTHNTZWl2ak9nWW9yUTgzYzNpaGZtZnJjc01OX0tORjRPSUtFSUtrZGNqeWdkdnM0amtneTRqQlpPd09lWFVCQUpaTV9CU254bVZLTUFKWFRkSWdrOGlUN1AyN1dWRkN3WXBYM2J4am1BT0JocWMwWVZZNFlSbVBNNDRhVnJCMUpNZXF2bzIzczlJckhVZXlhSDdFSjJoNGVEb3QyeXVQQTdlMXVhNjRBT1JxVXhzMnY4RzVjZEtwVHFaMjhCck41cHhDb3puUjQzdlZ2SdIB_AFBVV95cUxNbTFYUnhfLURYZG9UWUE5NFlXMTFsRlVFTkVyckhIclJsazBYaDNCSnIzX05rTEZUUnhfNlVTNTFuU29Qdm9DT1I0MXBJbzhJMFNQZzFGb2pXMmtvRUZHaHBNSG0xdXRpTUpWcFNqeTNBRVh2SXdzNWt5TDJ0OFA3dDlibElTRTFERVNQSjhvY1Z4bnpkbHlxbVRVLVBIQVFzX2tCa1dSYmtGeVJXd0c1R2JmVXZyZXlZUWZKVmpoRzVtNmtBbVhmUHFaX29TS2NtMngxOVh3ZmVoVVJVUEVFVEtDNjBEMlM1ZUVWdUdrRl9wSHczZHo1Z1dIUmk?oc=5,lojistik,,"Devletin göz bebeği Kara Kuvvetleri Komutanlığı’nda askeri yük ve yolcu taşıma faaliyetlerine sinsi yöntemlerle fesat karıştırıp rüşvet çarkı döndüren 19 sanıklı dev şebekenin yargılanmasına Ankara 1. Ağır Ceza Mahkemesi'nde başlandı. Lojistik Komutanlığı bünyesindeki hak ediş süreçlerini hortumlayarak kamuyu zarara uğratmakla suçlanan 5'i tutuklu sanıklar, adliyede hakim karşısında adeta birbirini satarak ve kirli ilişkilerini ""borç-alacak"" kılıfına uydurmaya çalışarak paçayı kurtarma derdine düştü. Devletin göz bebeği Kara Kuvvetleri Komutanlığı’nda askeri yük ve yolcu taşıma faaliyetlerine sinsi yöntemlerle fesat karıştırıp rüşvet çarkı döndüren 19 sanıklı dev şebekenin yargılanmasına Ankara 1. Ağır Ceza Mahkemesi'nde başlandı. Lojistik Komutanlığı bünyesindeki hak ediş süreçlerini hortumlayarak kamuyu zarara uğratmakla suçlanan 5'i tutuklu sanıklar, adliyede hakim karşısında adeta birbirini satarak ve kirli ilişkilerini ""borç-alacak"" kılıfına uydurmaya çalışarak paçayı kurtarma derdine düştü. Devletin göz bebeği Kara Kuvvetleri Komutanlığı’nda askeri yük ve yolcu taşıma faaliyetlerine sinsi yöntemlerle fesat karıştırıp rüşvet çarkı döndüren 19 sanıklı dev şebekenin yargılanmasına Ankara 1. Ağır Ceza Mahkemesi'nde başlandı. Lojistik Komutanlığı bünyesindeki hak ediş süreçlerini hortumlayarak kamuyu zarara uğratmakla suçlanan 5'i tutuklu sanıklar, adliyede hakim karşısında adeta birbirini satarak ve kirli ilişkilerini ""borç-alacak"" kılıfına uydurmaya çalışarak paçayı kurtarma derdine düştü. Gündem Kara Kuvvetleri Komutanlığı'ndaki lojistik ihale şebekesi hakim karşısında! Sanıklar suçu birbirine atıp rüşvete ""komisyon"" dedi! Devletin göz bebeği Kara Kuvvetleri Komutanlığı’nda askeri yük ve yolcu taşıma faaliyetlerine sinsi yöntemlerle fesat karıştırıp rüşvet çarkı döndüren 19 sanıklı dev şebekenin yargılanmasına Ankara 1. Ağır Ceza Mahkemesi'nde başlandı. Lojistik Komutanlığı bünyesindeki hak ediş süreçlerini hortumlayarak kamuyu zarara uğratmakla suçlanan 5'i tutuklu sanıklar, adliyede hakim karşısında adeta birbirini satarak ve kirli ilişkilerini ""borç-alacak"" kılıfına uydurmaya çalışarak paçayı kurtarma derdine düştü. Devamını Gör Kara Kuvvetleri Komutanlığı'ndaki lojistik ihale şebekesi hakim karşısında! Sanıklar suçu birbirine atıp rüşvete ""komisyon"" dedi! - Yeni Akit https://www.yeniakit.com.tr/kart/haber/kara-kuvvetleri-komutanligindaki-lojistik-ihale-sebekesi-hakim-karsisinda-saniklar-sucu-birbirine-atip-rusvete-komisyon-dedi-2010624.html ... x WhatsApp İhbar Hattı +90 (553) 313 94 23 Devletin göz bebeği Kara Kuvvetleri Komutanlığı’nda askeri yük ve yolcu taşıma faaliyetlerine sinsi yöntemlerle fesat karıştırıp rüşvet çarkı döndüren 19 sanıklı dev şebekenin yargılanmasına Ankara 1. Ağır Ceza Mahkemesi'nde başlandı. Lojistik Komutanlığı bünyesindeki hak ediş süreçlerini hortumlayarak kamuyu zarara uğratmakla suçlanan 5'i tutuklu sanıklar, adliyede hakim karşısında adeta birbirini satarak ve kirli ilişkilerini ""borç-alacak"" kılıfına uydurmaya çalışarak paçayı kurtarma derdine düştü. Devamını Gör Kara Kuvvetleri Komutanlığı'ndaki lojistik ihale şebekesi hakim karşısında! Sanıklar suçu birbirine atıp rüşvete ""komisyon"" dedi! Devletin göz bebeği Kara Kuvvetleri Komutanlığı’nda askeri yük ve yolcu taşıma faaliyetlerine sinsi yöntemlerle fesat karıştırıp rüşvet çarkı döndüren 19 sanıklı dev şebekenin yargılanmasına Ankara 1. Ağır Ceza Mahkemesi'nde başlandı. Lojistik Komutanlığı bünyesindeki hak ediş süreçlerini hortumlayarak kamuyu zarara uğratmakla suçlanan 5'i tutuklu sanıklar, adliyede hakim karşısında adeta birbirini satarak ve kirli ilişkilerini ""borç-alacak"" kılıfına uydurmaya çalışarak paçayı kurtarma derdine düştü.","Kara Kuvvetleri Komutanlığı'ndaki lojistik ihale şebekesi hakim karşısında! Sanıklar suçu birbirine atıp rüşvete ""komisyon"" dedi! Kara Kuvvetleri Komutanlığı'ndaki lojistik ihale şebekesi hakim karşısında! Sanıklar suçu birbirine atıp rüşvete ""komisyon"" dedi! Yeni Akit Gazetesi Devletin göz bebeği Kara Kuvvetleri Komutanlığı’nda askeri yük ve yolcu taşıma faaliyetlerine sinsi yöntemlerle fesat karıştırıp rüşvet çarkı döndüren 19 sanıklı dev şebekenin yargılanmasına Ankara 1. Ağır Ceza Mahkemesi'nde başlandı. Lojistik Komutanlığı bünyesindeki hak ediş süreçlerini hortumlayarak kamuyu zarara uğratmakla suçlanan 5'i tutuklu sanıklar, adliyede hakim karşısında adeta birbirini satarak ve kirli ilişkilerini ""borç-alacak"" kılıfına uydurmaya çalışarak paçayı kurtarma derdine düştü. Gündem Kara Kuvvetleri Komutanlığı'ndaki lojistik ihale şebekesi hakim karşısında! Sanıklar suçu birbirine atıp rüşvete ""komisyon"" dedi! Devamını Gör Kara Kuvvetleri Komutanlığı'ndaki lojistik ihale şebekesi hakim karşısında! - Yeni Akit https://www.yeniakit.com.tr/kart/haber/kara-kuvvetleri-komutanligindaki-lojistik-ihale-sebekesi-hakim-karsisinda-saniklar-sucu-birbirine-atip-rusvete-komisyon-dedi-2010624.html ... x WhatsApp İhbar Hattı +90 (553) 313 94 23 Devletin göz bebeği Kara Kuvvetleri Komutanlığı’nda askeri yük ve yolcu taşıma faaliyetlerine sinsi yöntemlerle fesat karıştırıp rüşvet çarkı döndüren 19 sanıklı dev şebekenin yargılanmasına Ankara 1.",browser_full_article,https://www.yeniakit.com.tr/kart/haber/kara-kuvvetleri-komutanligindaki-lojistik-ihale-sebekesi-hakim-karsisinda-saniklar-sucu-birbirine-atip-rusvete-komisyon-dedi-2010624.html,,,,,,,,il yok | ilçe yok | firma yok | faaliyet/tesis yok,,,,maps araması yapılmadı,,,122.5,25
2026-07-02 08:36:05,nitelikli dolandırıcılık,Dolandırıcılık / Sahtecilik,Nitelikli dolandırıcılık ve mal varlığı değerlerini aklamaya yönelik 23 ildeki operasyonlarda 307 gözaltı,Nitelikli dolandırıcılık ve mal varlığı değerlerini aklamaya yönelik 23 ildeki operasyonlarda 307 gözaltı dokuz8HABER,https://news.google.com/rss/articles/CBMizgFBVV95cUxQZEhDaUpzeDUwb2IxUWctbVJ3TW5XYlJuMzhHVlllb2VMbzU5Z1EzQ2tmbmJUT3ZGS3BhWmpqUkNxRURHVS1tQkxuVmd5eXJGcU4yNEpoUVVQcnp5UDJyemhPMlRvcWJtQTVaYzdWV0ZTSHJDQVBmNHFhbXF6bU10dlZ6ay1RNHJRS0xwNkhmc1BER2lmR2ZWUFV0M1NTcTJmdTB1dERROFFlZGhTMEVQN0FJSEpCbDlYckVzWk9CNXhnQTR1Ukd4NjBidDVVZ9IBzgFBVV95cUxQZEhDaUpzeDUwb2IxUWctbVJ3TW5XYlJuMzhHVlllb2VMbzU5Z1EzQ2tmbmJUT3ZGS3BhWmpqUkNxRURHVS1tQkxuVmd5eXJGcU4yNEpoUVVQcnp5UDJyemhPMlRvcWJtQTVaYzdWV0ZTSHJDQVBmNHFhbXF6bU10dlZ6ay1RNHJRS0xwNkhmc1BER2lmR2ZWUFV0M1NTcTJmdTB1dERROFFlZGhTMEVQN0FJSEpCbDlYckVzWk9CNXhnQTR1Ukd4NjBidDVVZw?oc=5,mal varlığı,,"23 ilde nitelikli dolandırıcılık ve suçtan kaynaklanan mal varlığı değerlerini aklama suçlarına yönelik son bir ayda düzenlenen kırk beş ayrı… Nitelikli dolandırıcılık ve mal varlığı değerlerini aklamaya yönelik 23 ildeki operasyonlarda 307 gözaltı Çetin Yılmaz 2 Temmuz 2026 23 ilde nitelikli dolandırıcılık ve suçtan kaynaklanan mal varlığı değerlerini aklama suçlarına yönelik son bir ayda düzenlenen kırk beş ayrı operasyonda toplam üç yüz yedi şüpheli yakalandı. Türkiye genelinde 23 ilde nitelikli dolandırıcılık ile suçtan kaynaklanan mal varlığı değerlerini aklama suçlarına yönelik yürütülen planlı çalışmalar kapsamında son 1 ay içinde 45 ayrı operasyon düzenlendi ve bu operasyonlarda toplam 307 şüpheli şahıs yakalanarak gözaltına alındı. İçişleri Bakanlığı tarafından yapılan yazılı açıklamada, söz konusu operasyonların Emniyet Genel Müdürlüğü Asayiş Daire Başkanlığı ile Cumhuriyet Başsavcılıkları koordinesinde yürütüldüğü belirtildi. Emniyet Genel Müdürlüğü Asayiş Daire Başkanlığı ve Cumhuriyet Başsavcılıkları koordinasyonunda gerçekleştirilen bu operasyonların, İl Emniyet Müdürlükleri Asayiş Şube Müdürlüklerince icra edildiği kaydedildi. BANKA HESAPLARINDAKİ İŞLEM HACMİ Operasyonların Adana, Afyonkarahisar, Ankara, Antalya, Bursa, Çanakkale, Diyarbakır, Edirne, Elazığ, Erzurum, Eskişehir, Gaziantep, Isparta, İzmir, Mersin, İstanbul, Nevşehir, Sakarya, Samsun, Tekirdağ, Tokat, Van ve Osmaniye olmak üzere toplam 23 ilde gerçekleştirildiği ifade edildi. Yakalanan şüphelilerin banka hesapları üzerinde yapılan incelemelerde, bu hesaplarda toplam 5 milyar 388 micron TL tutarında işlem hacmi bulunduğu tespit edildi. Düzenlenen operasyonlar sonucunda çok sayıda iletişim ve bilişim ekipmanı ile dijital materyal, suçtan elde edildiği değerlendirilen bir miktar döviz, altın, ruhsatsız silah ve mühimmat ele geçirildiği belirtildi. Bakanlık tarafından paylaşı","Nitelikli dolandırıcılık ve mal varlığı değerlerini aklamaya yönelik 23 ildeki operasyonlarda 307 gözaltı Nitelikli dolandırıcılık ve mal varlığı değerlerini aklamaya yönelik 23 ildeki operasyonlarda 307 gözaltı dokuz8HABER 23 ilde nitelikli dolandırıcılık ve suçtan kaynaklanan mal varlığı değerlerini aklama suçlarına yönelik son bir ayda düzenlenen kırk beş ayrı… Nitelikli dolandırıcılık ve mal varlığı değerlerini aklamaya yönelik 23 ildeki operasyonlarda 307 gözaltı Çetin Yılmaz 2 Temmuz 2026 23 ilde nitelikli dolandırıcılık ve suçtan kaynaklanan mal varlığı değerlerini aklama suçlarına yönelik son bir ayda düzenlenen kırk beş ayrı operasyonda toplam üç yüz yedi şüpheli yakalandı. Türkiye genelinde 23 ilde nitelikli dolandırıcılık ile suçtan kaynaklanan mal varlığı değerlerini aklama suçlarına yönelik yürütülen planlı çalışmalar kapsamında son 1 ay içinde 45 ayrı operasyon düzenlendi ve bu operasyonlarda toplam 307 şüpheli şahıs yakalanarak gözaltına alındı. İçişleri Bakanlığı tarafından yapılan yazılı açıklamada, söz konusu operasyonların Emniyet Genel Müdürlüğü Asayiş Daire Başkanlığı ile Cumhuriyet Başsavcılıkları koordinesinde yürütüldüğü belirtildi. Emniyet Genel Müdürlüğü Asayiş Daire Başkanlığı ve Cumhuriyet Başsavcılıkları koordinasyonunda gerçekleştirilen bu operasyonların, İl Emniyet Müdürlükleri Asayiş Şube Müdürlüklerince icra edildiği kaydedildi. BANKA HESAPLARINDAKİ İŞLEM HACMİ Operasyonların Adana, Afyonkarahisar, Ankara, Antalya, Bursa, Çanakkale, Diyarbakır, Edirne, Elazığ, Erzurum, Eskişehir, Gaziantep, Isparta, İzmir, Mersin, İstanbul, Nevşehir, Sakarya, Samsun, Tekirdağ, Tokat, Van ve Osmaniye olmak üzere toplam 23 ilde gerçekleştirildiği ifade edildi. Düzenlenen operasyonlar sonucunda çok sayıda iletişim ve bilişim ekipmanı ile dijital materyal, suçtan elde edildiği değerlendirilen bir miktar döviz, altın, ruhsatsız silah ve mühimmat ele geçirildiği belirtildi.",browser_full_article,https://dokuz8haber.net/nitelikli-dolandiricilik-ve-mal-varligi-degerlerini-aklamaya-yonelik-23-ildeki-operasyonlarda-307-gozalti/amp,,,,,,,,il yok | ilçe yok | firma yok | faaliyet/tesis yok,,,,maps araması yapılmadı,,,112.75,26
2026-07-02 09:23:17,dolandırıcılık,Dolandırıcılık / Sahtecilik,"SHB, dolandırıcılık olabileceğinden şüpheli hesaplardan para transferi yapıldığına dair kullanıcıları uyaran bir özellik kullanıma sundu.","SHB, dolandırıcılık olabileceğinden şüpheli hesaplardan para transferi yapıldığına dair kullanıcıları uyaran bir özellik kullanıma sundu. Vietnam.vn",https://news.google.com/rss/articles/CBMinAFBVV95cUxQQ2laTUdVU0EwNFVIOXMyNTFoRGsxREw5VVNuSDZzU1lfVFBuRDFSUWVGWDR3UnhzckVJMHN5VG1aX2F3RDRlUHlkVW1ueXBZSFkzUnlfd3VPeXhjMmRRbm5NenFYX0R5cGZ2dlBudV9LN2hkUDNkRE9lWFpZdm9DSVRHZGNSQWpSMnVvRzB1SXpBWGlNTWFZb1VrNmQ?oc=5,para transferi,,"SHB, dolandırıcılık olabileceğinden şüpheli hesaplardan para transferi yapıldığına dair kullanıcıları uyaran bir özellik kullanıma sundu. Vietnam.vn","SHB, dolandırıcılık olabileceğinden şüpheli hesaplardan para transferi yapıldığına dair kullanıcıları uyaran bir özellik kullanıma sundu. SHB, dolandırıcılık olabileceğinden şüpheli hesaplardan para transferi yapıldığına dair kullanıcıları uyaran bir özellik kullanıma sundu. Vietnam.vn SHB, dolandırıcılık olabileceğinden şüpheli hesaplardan para transferi yapıldığına dair kullanıcıları uyaran bir özellik kullanıma sundu.",browser_failed,https://news.google.com/rss/articles/CBMinAFBVV95cUxQQ2laTUdVU0EwNFVIOXMyNTFoRGsxREw5VVNuSDZzU1lfVFBuRDFSUWVGWDR3UnhzckVJMHN5VG1aX2F3RDRlUHlkVW1ueXBZSFkzUnlfd3VPeXhjMmRRbm5NenFYX0R5cGZ2dlBudV9LN2hkUDNkRE9lWFpZdm9DSVRHZGNSQWpSMnVvRzB1SXpBWGlNTWFZb1VrNmQ?oc=5&hl=tr&gl=TR&ceid=TR:tr,,,,,,,,il yok | ilçe yok | firma yok | faaliyet/tesis yok,,,,maps araması yapılmadı,,,122.98,27
2026-07-02 07:07:57,dolandırıcılık,Dolandırıcılık / Sahtecilik,"Vietnam Devlet Bankası: 5,2 trilyon VND'nin üzerinde değere sahip olduğu şüphesiyle yapılan dolandırıcılık işlemlerini bloke etti.","Vietnam Devlet Bankası: 5,2 trilyon VND'nin üzerinde değere sahip olduğu şüphesiyle yapılan dolandırıcılık işlemlerini bloke etti. Vietnam.vn",https://news.google.com/rss/articles/CBMimAFBVV95cUxNVTh2SWJROGxySXNIUDhPamZLa3ExY2JzQ0JUYU1saGctb0p1UlJVN29KaUszMWtfR1gtbnA0S3RYWEV0dXcwOWg4UUZiMUJ4YkQ4VTlGTlhfRUtka3Jzb2RYVkg2WFl6QjhKWXlzcElWdF9sNjFGa0Y2VVFyNGFQUDNaZk5fVmRxLXpESmVuS1E1cElfeTlkbQ?oc=5,banka,finansal kuruluş,"Vietnam Devlet Bankası: 5,2 trilyon VND'nin üzerinde değere sahip olduğu şüphesiyle yapılan dolandırıcılık işlemlerini bloke etti. Vietnam.vn","Vietnam Devlet Bankası: 5,2 trilyon VND'nin üzerinde değere sahip olduğu şüphesiyle yapılan dolandırıcılık işlemlerini bloke etti. Vietnam Devlet Bankası: 5,2 trilyon VND'nin üzerinde değere sahip olduğu şüphesiyle yapılan dolandırıcılık işlemlerini bloke etti. Vietnam.vn Vietnam Devlet Bankası: 5,2 trilyon VND'nin üzerinde değere sahip olduğu şüphesiyle yapılan dolandırıcılık işlemlerini bloke etti.",browser_failed,https://news.google.com/rss/articles/CBMimAFBVV95cUxNVTh2SWJROGxySXNIUDhPamZLa3ExY2JzQ0JUYU1saGctb0p1UlJVN29KaUszMWtfR1gtbnA0S3RYWEV0dXcwOWg4UUZiMUJ4YkQ4VTlGTlhfRUtka3Jzb2RYVkg2WFl6QjhKWXlzcElWdF9sNjFGa0Y2VVFyNGFQUDNaZk5fVmRxLXpESmVuS1E1cElfeTlkbQ?oc=5&hl=tr&gl=TR&ceid=TR:tr,,,,,,,,il yok | ilçe yok | firma yok | faaliyet/tesis yok,,,,maps araması yapılmadı,,,107.66,28
2026-07-02 08:38:44,dolandırıcılık,Dolandırıcılık / Sahtecilik,Eski Banka Yöneticisine 72 Milyon TL Dolandırıcılık: 5 Şüpheli Yakalandı,Eski Banka Yöneticisine 72 Milyon TL Dolandırıcılık: 5 Şüpheli Yakalandı Notbir,https://news.google.com/rss/articles/CBMirAFBVV95cUxQS1ZBMjlVZTJSRzV3elhLYi1uV1dtNS0tZFl0T25nWUVtWGl4WHM0X2xISm44YV9LbDRoZ3VqS0pBcEtNNTNiaWpmSWZ6UWh1MTkwTXFjeWJIcld0ODVQT1pucXVab3B2bnlrdVpMZGZCTm1wTEtaazhhb09VNFp6UV9FbkNMYWU2VGY0ZU45TXFPVkJZcFVBWEdTbjlnb3N5QWNlWDJIbWlGSUtF?oc=5,banka,finansal kuruluş,"Gündem Eski banka yöneticisi dolandırıcılara 72 milyon TL kaptırdı: 5 şüpheli yakalandı Beşiktaş'ta telefonla aradıkları 83 yaşındaki yaşlı adamı kandırıp 72 milyon lira değerindeki bin 758 Cumhuriyet altınını çalan 5 şüpheli yakalandı. 2 Temmuz 2026 11:38Güncelleme: 2 Temmuz 2026 16:03 Sesli dinle00:00 / 00:30 1× Beşiktaş'ta 16 Nisan'da, para ve sermaye piyasaları uzmanı olan ve bankalarda üst düzey yöneticilik yaptıktan sonra emekli olan 83 yaşındaki Dinçer K., telefon dolandırıcılarına inanarak 72 milyon değerindeki bin 758 Cumhuriyet altınını teslim etmişti. Asayiş Şube Müdürlüğü, Dolandırıcılık Büro Amirliği ekipleri tarafından olayla ilgili inceleme başlatılmış, çalışmalar kapsamında kimlikleri ve yerleri tespit edilen 5 şüpheli yakalanarak gözaltına alınmıştı. İşlemleri için Asayiş Şube Müdürlüğü Dolandırıcılık Büro Amirliği’ne getirilen 5 şüpheli buradaki işlemlerinin tamamlanmasının ardından adliyeye sevk edildi. Saffet Yalçın Muhabir İstanbul+Beşiktaş+Dijital Dolandırıcılık+ Beşiktaş'ta 16 Nisan'da, para ve sermaye piyasaları uzmanı olan ve bankalarda üst düzey yöneticilik yaptıktan sonra emekli olan 83 yaşındaki Dinçer K., telefon dolandırıcılarına inanarak 72 milyon değerindeki bin 758 Cumhuriyet altınını teslim etmişti. Asayiş Şube Müdürlüğü, Dolandırıcılık Büro Amirliği ekipleri tarafından olayla ilgili inceleme başlatılmış, çalışmalar kapsamında kimlikleri ve yerleri tespit edilen 5 şüpheli yakalanarak gözaltına alınmıştı. İşlemleri için Asayiş Şube Müdürlüğü Dolandırıcılık Büro Amirliği’ne getirilen 5 şüpheli buradaki işlemlerinin tamamlanmasının ardından adliyeye sevk edildi. Eski banka yöneticisi dolandırıcılara 72 milyon TL kaptırdı: 5 şüpheli yakalandı Beşiktaş'ta telefonla aradıkları 83 yaşındaki yaşlı adamı kandırıp 72 milyon lira değerindeki bin 758 Cumhuriyet altınını çalan 5 şüpheli yakalandı. Beşiktaş'ta 16 Nisan'da, para ve sermaye piyasaları uzmanı olan ve bankalarda üst düzey yöneticilik yaptıktan sonra emekli olan 83 yaşındaki Dinçer K., telefon dolandırıcılarına inanarak 72 milyon değerindeki bin 758 Cumhuriyet altınını teslim etmişti. Asayiş Şube Müdürlüğü, Dolandırıcılık Büro Amirliği ekipleri tarafından olayla ilgili inceleme başlatılmış, çalışmalar kapsamında kimlikleri ve yerleri tespit edilen 5 şüpheli yakalanarak gözaltına alınmıştı. İşlemleri için Asayiş Şube Müdürlüğü Dolandırıcılık Büro Amirliği’ne getirilen 5 şüpheli buradaki işlemlerinin tamamlanmasının ardından adliyeye sevk edildi. Alman rock grubu Scorpions, kuruluşunun 60. yıl dönümü dolayısıyla düzenlenen turne kapsamında İstanbul'da konser verdi. Beşiktaş, 21 yaşındaki Fransız oyuncu Kassoum Ouattara ile 4 yıllık sözleşme imzaladı. Eminönü Mısır Çarşısı'nda bulunan bir iş yerinde yangın çıktı. İhbar üzerine olay yerine itfaiye, sağlık ve polis ekibi sevk edildi. Türkiye gıda sektörünün tüm paydaşlarını aynı vizyonda buluşturan Foodist İstanbul Uluslararası Gıda ve İçecek Ürünleri Fuarı için geri sayım başladı. İstanbul'da bunaltıcı sıcaklıklar hafta sonuyla birlikte yerini yağışlı havaya bırakacak. AKOM cumartesi günü için gök gürültülü sağanak yağış uyarısı yaptı. Günün önemli haberleri her sabah e-postanda — üç dakikada özet. Gündemi sosyal medyada da yakala — anlık paylaşıml","Eski Banka Yöneticisine 72 Milyon TL Dolandırıcılık: 5 Şüpheli Yakalandı Eski Banka Yöneticisine 72 Milyon TL Dolandırıcılık: 5 Şüpheli Yakalandı Notbir Gündem Eski banka yöneticisi dolandırıcılara 72 milyon TL kaptırdı: 5 şüpheli yakalandı Beşiktaş'ta telefonla aradıkları 83 yaşındaki yaşlı adamı kandırıp 72 milyon lira değerindeki bin 758 Cumhuriyet altınını çalan 5 şüpheli yakalandı. 2 Temmuz 2026 11:38Güncelleme: 2 Temmuz 2026 16:03 Sesli dinle00:00 / 00:30 1× Beşiktaş'ta 16 Nisan'da, para ve sermaye piyasaları uzmanı olan ve bankalarda üst düzey yöneticilik yaptıktan sonra emekli olan 83 yaşındaki Dinçer K., telefon dolandırıcılarına inanarak 72 milyon değerindeki bin 758 Cumhuriyet altınını teslim etmişti. Asayiş Şube Müdürlüğü, Dolandırıcılık Büro Amirliği ekipleri tarafından olayla ilgili inceleme başlatılmış, çalışmalar kapsamında kimlikleri ve yerleri tespit edilen 5 şüpheli yakalanarak gözaltına alınmıştı. İşlemleri için Asayiş Şube Müdürlüğü Dolandırıcılık Büro Amirliği’ne getirilen 5 şüpheli buradaki işlemlerinin tamamlanmasının ardından adliyeye sevk edildi. Saffet Yalçın Muhabir İstanbul+Beşiktaş+Dijital Dolandırıcılık+ Beşiktaş'ta 16 Nisan'da, para ve sermaye piyasaları uzmanı olan ve bankalarda üst düzey yöneticilik yaptıktan sonra emekli olan 83 yaşındaki Dinçer K., telefon dolandırıcılarına inanarak 72 milyon değerindeki bin 758 Cumhuriyet altınını teslim etmişti. Eski banka yöneticisi dolandırıcılara 72 milyon TL kaptırdı: 5 şüpheli yakalandı Beşiktaş'ta telefonla aradıkları 83 yaşındaki yaşlı adamı kandırıp 72 milyon lira değerindeki bin 758 Cumhuriyet altınını çalan 5 şüpheli yakalandı. Beşiktaş'ta 16 Nisan'da, para ve sermaye piyasaları uzmanı olan ve bankalarda üst düzey yöneticilik yaptıktan sonra emekli olan 83 yaşındaki Dinçer K., telefon dolandırıcılarına inanarak 72 milyon değerindeki bin 758 Cumhuriyet altınını teslim etmişti. Alman rock grubu Scorpions, kuruluşunun 60. yıl dönümü dolayısıyla düzenlenen turne kapsamında İstanbul'da konser verdi. Beşiktaş, 21 yaşındaki Fransız oyuncu Kassoum Ouattara ile 4 yıllık sözleşme imzaladı. Eminönü Mısır Çarşısı'nda bulunan bir iş yerinde yangın çıktı. Türkiye gıda sektörünün tüm paydaşlarını aynı vizyonda buluşturan Foodist İstanbul Uluslararası Gıda ve İçecek Ürünleri Fuarı için geri sayım başladı. İstanbul'da bunaltıcı sıcaklıklar hafta sonuyla birlikte yerini yağışlı havaya bırakacak.",browser_full_article_dom,https://news.google.com/rss/articles/CBMirAFBVV95cUxQS1ZBMjlVZTJSRzV3elhLYi1uV1dtNS0tZFl0T25nWUVtWGl4WHM0X2xISm44YV9LbDRoZ3VqS0pBcEtNNTNiaWpmSWZ6UWh1MTkwTXFjeWJIcld0ODVQT1pucXVab3B2bnlrdVpMZGZCTm1wTEtaazhhb09VNFp6UV9FbkNMYWU2VGY0ZU45TXFPVkJZcFVBWEdTbjlnb3N5QWNlWDJIbWlGSUtF?oc=5&hl=tr&gl=TR&ceid=TR:tr,İstanbul,Beşiktaş,,,,,,firma yok | faaliyet/tesis yok,,,,maps araması yapılmadı,,,96.75,29
2026-07-02 08:16:00,banka dolandırıcılığı,Banka / Finansal Kuruluş,Emekli banka yöneticisine bile aynı tuzak! Bin 758 adet Cumhuriyet altınını kaptırmıştı: Şüpheliler adliyeye sevk edildi,Emekli banka yöneticisine bile aynı tuzak! Bin 758 adet Cumhuriyet altınını kaptırmıştı: Şüpheliler adliyeye sevk edildi Hürriyet,https://news.google.com/rss/articles/CBMi7wFBVV95cUxQN1VlbmpwYmdISjdRemswOVJCcE9NaVBRUC1nRzVDcDJMclpncHZfUEM0Q284MnlDZTU1QWFRd2NMeW1VYzdGTTNEajFDbHVuZjlmR01RSXJneFpEbnVvNmhwSE8tMFB1c1RrV2FmUm1acWYtUlBVYURDSjZWa1dTQWJJLWlXZDVEcjFpbUQ3SlZpWTFBV0hra2FNdkg4V3ZvLUFjNDdrYmNNZzRUVldBdXR6dDVnZzBXU2VUbU1TV2NJNGhqZWotTWZELTdOY2QzMGVLZUNrRDdyWmYyT3FwSUZsamh0dER0RU1zNFBuYw?oc=5,banka,finansal kuruluş,"Beşiktaş’ta telefonla arayıp polis olduklarını söyleyerek kandırdıkları 83 yaşındaki Dinçer K.’nın bin 758 Cumhuriyet altınını çalan 5 şüpheli adliyeye sevk... Haberler - Beşiktaş’ta telefonla arayıp polis olduklarını söyleyerek kandırdıkları 83 yaşındaki Dinçer K.’nın bin 758 Cumhuriyet altınını çalan 5 şüpheli adliyeye sevk edildi. Beşiktaş’ta telefonla arayıp polis olduklarını söyleyerek kandırdıkları 83 yaşındaki Dinçer K.’nın bin 758 Cumhuriyet altınını çalan 5 şüpheli adliyeye sevk... Ali AKSOYER / İSTANBUL, (DHA) Oluşturulma Tarihi: Temmuz 02, 2026 11:16 Beşiktaş’ta telefonla arayıp polis olduklarını söyleyerek kandırdıkları 83 yaşındaki Dinçer K.’nın bin 758 Cumhuriyet altınını çalan 5 şüpheli adliyeye sevk edildi. Haberin Devamı Beşiktaş ’ta 16 Nisan'da meydana gelen olayda 83 yaşındaki Dinçer K. polise başvurarak dolandırıldığını söyleyip şikâyetçi olmuştu. Para ve Sermaye piyasaları uzmanı olduğu söyleyen ve Bankalarda üst düzey yöneticilik yaptıktan sonra emekli olan Dinçer K., telefonla arayan ve polis olduğunu söyleyen kişilere inanarak bin 758 Cumhuriyet altınını dolandırıcılara teslim etti. Asayiş Şube Müdürlüğü, Dolandırıcılık Büro Amirliği ekipleri tarafından yapılan soruşturmada olaya karıştıkları belirlenen 5 şüpheli Şanlıurfa'da yapılan operasyonla gözaltına alınmıştı. Haberlerimizi Google’da Takip Edin En güncel haberlere ve son dakika gelişmelerine Google üzerinden anında ulaşmak için bizi favorilerinize ekleyin. Google’da tercih edilen kaynak olarak ekleyin Haberin Devamı İstanbul’a getirilerek sorgulanan şüphelilerin işlemleri tamamlandı. 5 şüpheli işlemlerinin ardından adliyeye sevk edildi. Öte yandan şüphelilerden Mehmet U.’nun mağdur Dinçer K.’nın yanına gelerek içinde altın bulunan çantayı alan kişi olduğu belirlendi. Diğer şüphelilerin de olaya yardım ve yataklık yaptıkları belirlendi. Dolandırıcılık Büro Amirliği ekiplerinin firarda olan iki kişinin yakalanması için çalışmalara devam ettiği öğrenildi. Haberle ilgili daha fazlası: #Dolandırıcılık #Altın Dolandırıcılığı #Telefon Dolandırıcılığı Ali AKSOYER / İSTANBUL, (DHA) Oluşturulma Tarihi: Temmuz 02, 2026 11:16 Beşiktaş’ta telefonla arayıp polis olduklarını söyleyerek kandırdıkları 83 yaşındaki Dinçer K.’nın bin 758 Cumhuriyet altınını çalan 5 şüpheli adliyeye sevk edildi. Haberin Devamı Beşiktaş ’ta 16 Nisan'da meydana gelen olayda 83 yaşındaki Dinçer K. polise başvurarak dolandırıldığını söyleyip şikâyetçi olmuştu. Para ve Sermaye piyasaları uzmanı olduğu söyleyen ve Bankalarda üst düzey yöneticilik yaptıktan sonra emekli olan Dinçer K., telefonla arayan ve polis olduğunu söyleyen kişilere inanarak bin 758 Cumhuriyet altınını dolandırıcılara teslim etti. Asayiş Şube Müdürlüğü, Dolandırıcılık Büro Amirliği ekipleri tarafından yapılan soruşturmada olaya karıştıkları belirlenen 5 şüpheli Şanlıurfa'da yapılan operasyonla gözaltına alınmıştı. Haberlerimizi Google’da Takip Edin En güncel haberlere ve son dakika gelişmelerine Google üzerinden anında ulaşmak için bizi favorilerinize ekleyin. Google’da tercih edilen kaynak olarak ekleyin Haberin Devamı İstanbul’a getirilerek sorgulanan şüphelilerin işlemleri tamamlandı. 5 şüpheli işlemlerinin ardından adliyeye sevk edildi. Öte yandan şüphelilerden Mehmet U.’nun mağdur Dinçer K.’nın yanına gelerek içinde altın bulunan çantayı alan kişi olduğu belirlendi. Diğer şüphelilerin de olaya yardım ve yataklık yaptıkları belirlendi. Dolandırıcılık Büro Amirliği ekiplerinin firarda olan iki kişinin yakalanması için çalışmalara devam ettiği öğrenildi. Haberlerimizi Google’da Takip Edin En güncel haberlere ve son dakika gelişmelerine Google üzerinden anında ulaşmak için bizi favorilerinize ekleyin. × GÜNDEM DÜNYA BİGPARA ANASAYFA BORSA DÖVİZ ALTIN VİOP&VARANT ANALİZ KOBİ KRİPTO PARALAR SPOR ARENA ANASAYFA FUTBOL BASKETBOL VOLEYBOL CANLI SKOR KELEBEK ANASAYFA EKRANDA HAYAT SEYAHAT STİL FAKİR HAUSGERATE İLE LEZZETLİ TARİFLER SAĞLIK YAŞAM ANASAYFA CUMARTESİ PAZAR LEZZETLİ HAYAT ÇOCUKLA HAYAT SEYAHAT YAZARLAR RESMİ İLANLAR ASTROLOJİ TÜMÜ EKONOMİ TV REHBERİ MAHMURE HÜRRİYET AİLE VİDEO ASTROLOJİ HESAPLAMA ARAÇLARI BULMACA EN İYİ ON LEZİZZ TEKNOLOJİ FOTO GALERİ RAMAZAN KİTAP SANA","Emekli banka yöneticisine bile aynı tuzak! Bin 758 adet Cumhuriyet altınını kaptırmıştı: Şüpheliler adliyeye sevk edildi Emekli banka yöneticisine bile aynı tuzak! Bin 758 adet Cumhuriyet altınını kaptırmıştı: Şüpheliler adliyeye sevk edildi Hürriyet Beşiktaş’ta telefonla arayıp polis olduklarını söyleyerek kandırdıkları 83 yaşındaki Dinçer K.’nın bin 758 Cumhuriyet altınını çalan 5 şüpheli adliyeye sevk... Haberler - Beşiktaş’ta telefonla arayıp polis olduklarını söyleyerek kandırdıkları 83 yaşındaki Dinçer K.’nın bin 758 Cumhuriyet altınını çalan 5 şüpheli adliyeye sevk edildi. Ali AKSOYER / İSTANBUL, (DHA) Oluşturulma Tarihi: Temmuz 02, 2026 11:16 Beşiktaş’ta telefonla arayıp polis olduklarını söyleyerek kandırdıkları 83 yaşındaki Dinçer K.’nın bin 758 Cumhuriyet altınını çalan 5 şüpheli adliyeye sevk edildi. Haberin Devamı Beşiktaş ’ta 16 Nisan'da meydana gelen olayda 83 yaşındaki Dinçer K. polise başvurarak dolandırıldığını söyleyip şikâyetçi olmuştu. Para ve Sermaye piyasaları uzmanı olduğu söyleyen ve Bankalarda üst düzey yöneticilik yaptıktan sonra emekli olan Dinçer K., telefonla arayan ve polis olduğunu söyleyen kişilere inanarak bin 758 Cumhuriyet altınını dolandırıcılara teslim etti. Asayiş Şube Müdürlüğü, Dolandırıcılık Büro Amirliği ekipleri tarafından yapılan soruşturmada olaya karıştıkları belirlenen 5 şüpheli Şanlıurfa'da yapılan operasyonla gözaltına alınmıştı.",browser_full_article,https://www.hurriyet.com.tr/gundem/emekli-banka-yoneticisine-bile-ayni-tuzak-758-adet-cumhuriyet-altinini-kaptirmisti-supheliler-adliyeye-sevk-edildi-43226107,Şanlıurfa | İstanbul,Beşiktaş,,,,,,firma yok | faaliyet/tesis yok,,,,maps araması yapılmadı,,,141.25,30
2026-07-02 09:29:18,banka dolandırıcılığı,Banka / Finansal Kuruluş,Banka Hesabı Dolandırıcılığı Patricia Cornwell (HpWSwmnkQ6),Banka Hesabı Dolandırıcılığı Patricia Cornwell (HpWSwmnkQ6) Mshale,https://news.google.com/rss/articles/CBMiW0FVX3lxTFBqYVRnX0ZmU1hHdlNXUXd1TlotbkxzdHk5SUVzWE9QWXExeHA0QkMzM2M4QWdaS2FjWTNRTDNRUXNlVWFsTEQ3ZmpodXFaNElReENYRUxRaDlKajg?oc=5,"banka, banka hesabı",finansal kuruluş,"mshale.com Güvenlik doğrulaması yapılıyor Bu web sitesi, kötü niyetli botlara karşı korunmak için bir güvenlik hizmeti kullanıyor. Web sitesi bir bot olmadığınızı doğrularken bu sayfa görüntülenir. Doğrulama başarılı. mshale.com adresinin yanıt vermesi bekleniyor Güvenlik doğrulaması yapılıyor Doğrulama başarılı. mshale.com adresinin yanıt vermesi bekleniyor Bu web sitesi, kötü niyetli botlara karşı korunmak için bir güvenlik hizmeti kullanıyor. Web sitesi bir bot olmadığınızı doğrularken bu sayfa görüntülenir.","Banka Hesabı Dolandırıcılığı Patricia Cornwell (HpWSwmnkQ6) Banka Hesabı Dolandırıcılığı Patricia Cornwell (HpWSwmnkQ6) Mshale mshale.com Güvenlik doğrulaması yapılıyor Bu web sitesi, kötü niyetli botlara karşı korunmak için bir güvenlik hizmeti kullanıyor. Web sitesi bir bot olmadığınızı doğrularken bu sayfa görüntülenir. mshale.com adresinin yanıt vermesi bekleniyor Güvenlik doğrulaması yapılıyor Doğrulama başarılı. mshale.com adresinin yanıt vermesi bekleniyor Bu web sitesi, kötü niyetli botlara karşı korunmak için bir güvenlik hizmeti kullanıyor.",browser_full_article,https://mshale.com/77ce94d0/2a62ef4apAWUSv-tcLE,,,,,,,,il yok | ilçe yok | firma yok | faaliyet/tesis yok,,,,maps araması yapılmadı,,,49.16,31
2026-07-02 09:39:20,banka soruşturma,Banka / Finansal Kuruluş,"Bulduğu Banka Kartını Sakladı, Ev Arkadaşının Harcamasıyla Ortaya Çıktı","Bulduğu Banka Kartını Sakladı, Ev Arkadaşının Harcamasıyla Ortaya Çıktı Kıbrıs Gazetesi",https://news.google.com/rss/articles/CBMinwFBVV95cUxNRXM4N2ZlNHVrbUxTNEFpcUEwWENiUERKdG5wMXhhbVdWWEdvZzFTYU5mOG9DQWJWOVdIOEZab2VabG5mRDl1WF9sblhya2U3UjU2VVVITW5taVYwN0dPbHJOaDEtYVhPdE5Wd2lyTWpSTzRfa3Jvc0o4N0NrRFlJbXI1SElhbElhdURWdHRCRTlUVmZ5ckp4N2cyQ3EwakU?oc=5,banka,finansal kuruluş,"Adli Haber Bulduğu Banka Kartını Sakladı, Ev Arkadaşının Harcamasıyla Ortaya Çıktı 2 Temmuz 2026, 12:39 yayınlandı 1dk, 0sn 135 + - Ercan Havalimanı’nda meydana gelen buluntu eşyayı sirkat suçundan tutuklanan M.E.K. mahkemeye çıkarıldı. Mahkemede meseleyle ilgili olarak şahadet veren Polis Memuru Emre Kapuş, olguları aktardı. Polis, Ercan Havalimanı’nda bir işletmede çalışan zanlının, 21 Mayıs 2026 tarihinde bir şahıs tarafından havaalanında düşürülen banka kartını polise veya herhangi bir yere teslim etmeyerek evine götürdüğünü kaydetti. Polis, zanlının ev arkadaşının, zanlıdan habersiz şekilde söz konusu kartla 29 Haziran’da alışveriş yapması üzerine olayın 30 Haziran’da polisin bilgisine geldiğini, yapılan soruşturma sonucu zanlının tespit edilerek tutuklandığını söyledi. Polis, gerekli soruşturmanın tamamlandığını, kartla harcama yapan şahıs hakkında da yasal işlem başlatıldığını ifade etti. Zanlının ülkede çalışma izniyle bulunduğunu belirten polis, teminat talep etti. Huzurundaki şahadeti değerlendiren Yargıç Şevket Gazi, M.E.K.’nin yurt dışına çıkışının yasaklanmasına, haftada bir gün ispat-ı vücut yapmasına, 30 bin TL nakit teminat yatırmasına ve bir kefilin 800 bin TL kefalet senedi imzalamasına emir verdi. 0 0 0 0 Bulduğu Banka Kartını Sakladı, Ev Arkadaşının Harcamasıyla Ortaya Çıktı Yorum Yap Paylaş Adli Haber Bulduğu Banka Kartını Sakladı, Ev Arkadaşının Harcamasıyla Ortaya Çıktı 2 Temmuz 2026, 12:39 yayınlandı 1dk, 0sn 135 + - Ercan Havalimanı’nda meydana gelen buluntu eşyayı sirkat suçundan tutuklanan M.E.K. mahkemeye çıkarıldı. Mahkemede meseleyle ilgili olarak şahadet veren Polis Memuru Emre Kapuş, olguları aktardı. Polis, Ercan Havalimanı’nda bir işletmede çalışan zanlının, 21 Mayıs 2026 tarihinde bir şahıs tarafından havaalanında düşürülen banka kartını polise veya herhangi bir yere teslim etmeyerek evine götürdüğünü kaydetti. Polis, zanlının ev arkadaşının, zanlıdan habersiz şekilde söz konusu kartla 29 Haziran’da alışveriş yapması üzerine olayın 30 Haziran’da polisin bilgisine geldiğini, yapılan soruşturma sonucu zanlının tespit edilerek tutuklandığını söyledi. Polis, gerekli soruşturmanın tamamlandığını, kartla harcama yapan şahıs hakkında da yasal işlem başlatıldığını ifade etti. Zanlının ülkede çalışma izniyle bulunduğunu belirten polis, teminat talep etti. Huzurundaki şahadeti değerlendiren Yargıç Şevket Gazi, M.E.K.’nin yurt dışına çıkışının yasaklanmasına, haftada bir gün ispat-ı vücut yapmasına, 30 bin TL nakit teminat yatırmasına ve bir kefilin 800 bin TL kefalet senedi imzalamasına emir verdi. 0 0 0 0 Bulduğu Banka Kartını Sakladı, Ev Arkadaşının Harcamasıyla Ortaya Çıktı Yorum Yap Paylaş","Bulduğu Banka Kartını Sakladı, Ev Arkadaşının Harcamasıyla Ortaya Çıktı Bulduğu Banka Kartını Sakladı, Ev Arkadaşının Harcamasıyla Ortaya Çıktı Kıbrıs Gazetesi Adli Haber Bulduğu Banka Kartını Sakladı, Ev Arkadaşının Harcamasıyla Ortaya Çıktı 2 Temmuz 2026, 12:39 yayınlandı 1dk, 0sn 135 + - Ercan Havalimanı’nda meydana gelen buluntu eşyayı sirkat suçundan tutuklanan M.E.K. Mahkemede meseleyle ilgili olarak şahadet veren Polis Memuru Emre Kapuş, olguları aktardı. Polis, Ercan Havalimanı’nda bir işletmede çalışan zanlının, 21 Mayıs 2026 tarihinde bir şahıs tarafından havaalanında düşürülen banka kartını polise veya herhangi bir yere teslim etmeyerek evine götürdüğünü kaydetti. Polis, zanlının ev arkadaşının, zanlıdan habersiz şekilde söz konusu kartla 29 Haziran’da alışveriş yapması üzerine olayın 30 Haziran’da polisin bilgisine geldiğini, yapılan soruşturma sonucu zanlının tespit edilerek tutuklandığını söyledi. Polis, gerekli soruşturmanın tamamlandığını, kartla harcama yapan şahıs hakkında da yasal işlem başlatıldığını ifade etti. Zanlının ülkede çalışma izniyle bulunduğunu belirten polis, teminat talep etti. Huzurundaki şahadeti değerlendiren Yargıç Şevket Gazi, M.E.K.’nin yurt dışına çıkışının yasaklanmasına, haftada bir gün ispat-ı vücut yapmasına, 30 bin TL nakit teminat yatırmasına ve bir kefilin 800 bin TL kefalet senedi imzalamasına emir verdi. 0 0 0 0 Bulduğu Banka Kartını Sakladı, Ev Arkadaşının Harcamasıyla Ortaya Çıktı Yorum Yap",browser_full_article_dom,https://news.google.com/rss/articles/CBMinwFBVV95cUxNRXM4N2ZlNHVrbUxTNEFpcUEwWENiUERKdG5wMXhhbVdWWEdvZzFTYU5mOG9DQWJWOVdIOEZab2VabG5mRDl1WF9sblhya2U3UjU2VVVITW5taVYwN0dPbHJOaDEtYVhPdE5Wd2lyTWpSTzRfa3Jvc0o4N0NrRFlJbXI1SElhbElhdURWdHRCRTlUVmZ5ckp4N2cyQ3EwakU?oc=5&hl=tr&gl=TR&ceid=TR:tr,,,,,,,,il yok | ilçe yok | firma yok | faaliyet/tesis yok,,,,maps araması yapılmadı,,,78.25,32
2026-07-02 14:50:27,banka soruşturma,Banka / Finansal Kuruluş,Merkez Bankası rezervleri 13 ayın en düşük seviyesinde,Merkez Bankası rezervleri 13 ayın en düşük seviyesinde velev,https://news.google.com/rss/articles/CBMiiwFBVV95cUxOOUNGUU1SRU9HS2JVclFlLXJHekl3a1IxMHAyRTh4a3MxV0Y0UzBER1c4REdfY0J5YmZkRFBFY0N0S2FmMXVrd0NoQlFzRjRKX3NqMnZMei1fT3RGVVFhandwZHZ0MmpBckhxZUtmbUlMUkpxVFZ3NHJCeHR3amRXOEkyT1FGVXlBTGNj?oc=5,banka,finansal kuruluş,"Merkez Bankası'nın toplam rezervleri16 Mayıs 2025 haftasından bu yana ilk kez 150 milyar dolar seviyesinin altına indi. Merkez Bankası'nın toplam rezervleri16 Mayıs 2025 haftasından bu yana ilk kez 150 milyar dolar seviyesinin altına indi. Merkez Bankası'nın toplam rezervleri16 Mayıs 2025 haftasından bu yana ilk kez 150 milyar dolar seviyesinin altına indi. Türkiye Cumhuriyet Merkez Bankası’nın (TCMB) toplam rezervleri, 26 Haziran haftasında bir önceki haftaya göre 7 milyar 991 milyon dolar azalışla 149 milyar 205 milyon dolar oldu. TCMB, haftalık para ve banka istatistiklerini açıkladı. HEM DÖVİZ HEM ALTIN REZERVİ AZALDI Buna göre, 26 Haziran itibarıyla Merkez Bankası brüt döviz rezervleri 5 milyar 260 milyon dolar azalarak 54 milyar 251 milyon dolara indi. Brüt döviz rezervleri, 19 Haziran’da 59 milyar 511 milyon dolar seviyesinde bulunuyordu. Bu dönemde altın rezervleri ise 2 milyar 731 milyon dolar düşüşle 97 milyar 685 milyon dolardan 94 milyar 954 milyon dolara geriledi. Bu haberler de ilginizi çekebilir: s Merkez Bankası rezervleri eriyor: Son yılın dibine indi Böylece Merkez Bankası’nın toplam rezervleri 26 Haziran haftasında bir önceki haftaya göre 7 milyar 991 milyon dolar azalarak 157 milyar 196 milyon dolardan 149 milyar 205 milyon dolara indi. DAHA FAZLA GÖSTER Merkez Bankası rezerv Velev'i Google Haberler üzerinden takip edin Merkez Bankası rezervleri 13 ayın en düşük seviyesinde Merkez Bankası'nın toplam rezervleri16 Mayıs 2025 haftasından bu yana ilk kez 150 milyar dolar seviyesinin altına indi. Türkiye Cumhuriyet Merkez Bankası’nın (TCMB) toplam rezervleri, 26 Haziran haftasında bir önceki haftaya göre 7 milyar 991 milyon dolar azalışla 149 milyar 205 milyon dolar oldu. TCMB, haftalık para ve banka istatistiklerini açıkladı. Buna göre, 26 Haziran itibarıyla Merkez Bankası brüt döviz rezervleri 5 milyar 260 milyon dolar azalarak 54 milyar 251 milyon dolara indi. Brüt döviz rezervleri, 19 Haziran’da 59 milyar 511 milyon dolar seviyesinde bulunuyordu. Bu dönemde altın rezervleri ise 2 milyar 731 milyon dolar düşüşle 97 milyar 685 milyon dolardan 94 milyar 954 milyon dolara geriledi. Bu haberler de ilginizi çekebilir: Böylece Merkez Bankası’nın toplam rezervleri 26 Haziran haftasında bir önceki haftaya göre 7 milyar 991 milyon dolar azalarak 157 milyar 196 milyon dolardan 149 milyar 205 milyon dolara indi.","Merkez Bankası rezervleri 13 ayın en düşük seviyesinde Merkez Bankası rezervleri 13 ayın en düşük seviyesinde velev Merkez Bankası'nın toplam rezervleri16 Mayıs 2025 haftasından bu yana ilk kez 150 milyar dolar seviyesinin altına indi. Türkiye Cumhuriyet Merkez Bankası’nın (TCMB) toplam rezervleri, 26 Haziran haftasında bir önceki haftaya göre 7 milyar 991 milyon dolar azalışla 149 milyar 205 milyon dolar oldu. HEM DÖVİZ HEM ALTIN REZERVİ AZALDI Buna göre, 26 Haziran itibarıyla Merkez Bankası brüt döviz rezervleri 5 milyar 260 milyon dolar azalarak 54 milyar 251 milyon dolara indi. Brüt döviz rezervleri, 19 Haziran’da 59 milyar 511 milyon dolar seviyesinde bulunuyordu. Bu dönemde altın rezervleri ise 2 milyar 731 milyon dolar düşüşle 97 milyar 685 milyon dolardan 94 milyar 954 milyon dolara geriledi. Bu haberler de ilginizi çekebilir: s Merkez Bankası rezervleri eriyor: Son yılın dibine indi Böylece Merkez Bankası’nın toplam rezervleri 26 Haziran haftasında bir önceki haftaya göre 7 milyar 991 milyon dolar azalarak 157 milyar 196 milyon dolardan 149 milyar 205 milyon dolara indi. DAHA FAZLA GÖSTER Merkez Bankası rezerv Velev'i Google Haberler üzerinden takip edin Merkez Bankası rezervleri 13 ayın en düşük seviyesinde Merkez Bankası'nın toplam rezervleri16 Mayıs 2025 haftasından bu yana ilk kez 150 milyar dolar seviyesinin altına indi. Buna göre, 26 Haziran itibarıyla Merkez Bankası brüt döviz rezervleri 5 milyar 260 milyon dolar azalarak 54 milyar 251 milyon dolara indi. Bu haberler de ilginizi çekebilir: Böylece Merkez Bankası’nın toplam rezervleri 26 Haziran haftasında bir önceki haftaya göre 7 milyar 991 milyon dolar azalarak 157 milyar 196 milyon dolardan 149 milyar 205 milyon dolara indi.",browser_full_article,https://velev.press/ekonomi/merkez-bankasi-rezervleri-13-ayin-en-dusuk-seviyesinde/,,,,,,,,il yok | ilçe yok | firma yok | faaliyet/tesis yok,,,,maps araması yapılmadı,,,55.0,33
2026-07-02 07:41:08,banka soruşturma,Banka / Finansal Kuruluş,Gölcük’te bankada dehşet dolu 5 saat: Çarşaflı soyguncu operasyonla vuruldu!,Gölcük’te bankada dehşet dolu 5 saat: Çarşaflı soyguncu operasyonla vuruldu! Haber61,https://news.google.com/rss/articles/CBMigwFBVV95cUxPaFFZa0VRNFZmYk1ycmQ5dkh0OUY0bmJxc0did2hUM2FWMVUyMENpV3hpQ3l5WUV2TU4yUjAza09DUjdHeU5XZDMxaFBsQ2RYTFowWktoeGdsdnRWU3IybERFaHlJejBpX3dpeHJZTmJwdkNwWDl1SV9Da3NnZXdPcmVHRdIBiAFBVV95cUxNMkZ3Qi1ERGVvZ29yWmRKVjJ1aVI5eUFlRmREQVpVWTA3MDlTYVY4dkJLYUZWLWM0b0g1Nk0tM1lIN25DODROdDBqZnppNHg1aU9MU2hCeHl3ZlFpVFpKRml2OEhYN0Vmc1Q1Ri1fQ1lWRXBNbVRjNFdxLUl2TVk4c1VNVGVOaFBq?oc=5,banka,finansal kuruluş,"Kocaeli’nin Gölcük ilçesinde bir banka şubesini soymak için 12 kişiyi rehin alan çarşaflı ve silahlı saldırgan, Özel Harekat timlerinin düzenlediği operasyonla etkisiz hale getirildi Kocaeli’nin Gölcük ilçesinde bir banka şubesini soymak için 12 kişiyi rehin alan çarşaflı ve silahlı saldırgan, Özel Harekat timlerinin düzenlediği operasyonla etkisiz hale getirildi Kocaeli’nin Gölcük ilçesinde bir banka şubesini soymak için 12 kişiyi rehin alan çarşaflı ve silahlı saldırgan, Özel Harekat timlerinin düzenlediği operasyonla etkisiz hale getirildi","Gölcük’te bankada dehşet dolu 5 saat: Çarşaflı soyguncu operasyonla vuruldu! Gölcük’te bankada dehşet dolu 5 saat: Çarşaflı soyguncu operasyonla vuruldu! Haber61 Kocaeli’nin Gölcük ilçesinde bir banka şubesini soymak için 12 kişiyi rehin alan çarşaflı ve silahlı saldırgan, Özel Harekat timlerinin düzenlediği operasyonla etkisiz hale getirildi Kocaeli’nin Gölcük ilçesinde bir banka şubesini soymak için 12 kişiyi rehin alan çarşaflı ve silahlı saldırgan, Özel Harekat timlerinin düzenlediği operasyonla etkisiz hale getirildi Kocaeli’nin Gölcük ilçesinde bir banka şubesini soymak için 12 kişiyi rehin alan çarşaflı ve silahlı saldırgan, Özel Harekat timlerinin düzenlediği operasyonla etkisiz hale getirildi",browser_full_article,https://www.haber61.net/gundem/rehineleri-kurtarma-operasyonu-kamerada/247476,Kocaeli,Gölcük,,,,,,firma yok | faaliyet/tesis yok,,,,maps araması yapılmadı,,,98.48,34
2026-07-02 13:32:51,şüpheli para transferi,Banka / Finansal Kuruluş,"SHB, elektronik para transferi işlemlerine risk uyarısı katmanı ekliyor.","SHB, elektronik para transferi işlemlerine risk uyarısı katmanı ekliyor. Vietnam.vn",https://news.google.com/rss/articles/CBMimAFBVV95cUxPQUxBYW81TXZJRW91Nzd0SHpVN0N5NzRKTDhRV0RxYXdXWEt6QlFZdHlFM1hXZDFWdFFqN1BqNHJUMVlfMHR4UEpneTdDSWpqdkpWTjNCUDVEQkFnT0d3d0NtT1BSdzNlVmR3LXdHallka01kcHBoemlNOW52NG8wVEFMdTNsSG5EWGcwYzAtWlBleUZncGVVLQ?oc=5,para transferi,,"SHB, elektronik para transferi işlemlerine risk uyarısı katmanı ekliyor. Vietnam.vn","SHB, elektronik para transferi işlemlerine risk uyarısı katmanı ekliyor. SHB, elektronik para transferi işlemlerine risk uyarısı katmanı ekliyor. Vietnam.vn SHB, elektronik para transferi işlemlerine risk uyarısı katmanı ekliyor.",browser_failed,https://news.google.com/rss/articles/CBMimAFBVV95cUxPQUxBYW81TXZJRW91Nzd0SHpVN0N5NzRKTDhRV0RxYXdXWEt6QlFZdHlFM1hXZDFWdFFqN1BqNHJUMVlfMHR4UEpneTdDSWpqdkpWTjNCUDVEQkFnT0d3d0NtT1BSdzNlVmR3LXdHallka01kcHBoemlNOW52NG8wVEFMdTNsSG5EWGcwYzAtWlBleUZncGVVLQ?oc=5&hl=tr&gl=TR&ceid=TR:tr,,,,,,,,il yok | ilçe yok | firma yok | faaliyet/tesis yok,,,,maps araması yapılmadı,,,73.58,35
